"x","y","centrality","colornode","defaultnode","degree","group","na.x","vertex.names","xend","yend","coloredge","connectDefault","na.y","Weight"
0.162653140443876,0.668066853855779,0.0642703928736802,"#006D2C",FALSE,9,9,FALSE,"adviceanimals",0.162653140443876,0.668066853855779,NA,NA,NA,NA
0.846134081460729,0.615848243252271,0.0206614706931052,"#00441B",FALSE,5,7,FALSE,"anime",0.846134081460729,0.615848243252271,NA,NA,NA,NA
0.923262191109018,0.801173189014729,0.0130876822497959,"#00441B",FALSE,4,7,FALSE,"animemes",0.923262191109018,0.801173189014729,NA,NA,NA,NA
0.600530163977115,0.868942436564673,0.109429022046436,"#41AB5D",FALSE,12,6,FALSE,"askouija",0.600530163977115,0.868942436564673,NA,NA,NA,NA
0.498692772247536,0.519152892082337,1,"#54278F",TRUE,187,1,FALSE,"askreddit",0.498692772247536,0.519152892082337,NA,NA,NA,NA
0.661771730012022,0,0.0311424222910395,"#08519C",FALSE,3,8,FALSE,"askwomen",0.661771730012022,0,NA,NA,NA,NA
0.0613171366347681,0.328438929172202,0.0190449160326532,"#54278F",FALSE,3,2,FALSE,"atheism",0.0613171366347681,0.328438929172202,NA,NA,NA,NA
0.105644609859384,0.193602215570761,0.0152062667021547,"#54278F",FALSE,3,2,FALSE,"australia",0.105644609859384,0.193602215570761,NA,NA,NA,NA
0.285346926796481,0.7402203865151,0.286973296995741,"#006D2C",TRUE,19,9,FALSE,"aww",0.285346926796481,0.7402203865151,NA,NA,NA,NA
0.361794464193638,0.128986246388584,0.0315699428036788,"#EF3B2C",FALSE,9,3,FALSE,"baseball",0.361794464193638,0.128986246388584,NA,NA,NA,NA
0.905513255024194,0.543474670829044,0.019736484719502,"#006D2C",FALSE,5,5,FALSE,"battlefield",0.905513255024194,0.543474670829044,NA,NA,NA,NA
0.245051473157006,0.452048170335594,0.0942421581885328,"#54278F",FALSE,13,2,FALSE,"blackpeopletwitter",0.245051473157006,0.452048170335594,NA,NA,NA,NA
0.117101003240611,0.426937166089736,0.0524846024507694,"#54278F",FALSE,10,2,FALSE,"canada",0.117101003240611,0.426937166089736,NA,NA,NA,NA
0.343952117573941,0.0209472907276931,0.0188369887492404,"#00441B",FALSE,6,10,FALSE,"casualuk",0.343952117573941,0.0209472907276931,NA,NA,NA,NA
0.417513281115453,0.0495133178166297,0.0135033671029903,"#EF3B2C",FALSE,3,3,FALSE,"cfb",0.417513281115453,0.0495133178166297,NA,NA,NA,NA
0.0440119563733197,0.394987616964996,0.0185192170102045,"#54278F",FALSE,4,2,FALSE,"conspiracy",0.0440119563733197,0.394987616964996,NA,NA,NA,NA
0.424517723379734,0.974991138928631,0.0367000746681953,"#006D2C",FALSE,7,9,FALSE,"crappydesign",0.424517723379734,0.974991138928631,NA,NA,NA,NA
0.348130715342435,0.780753981971566,0.0534407120474066,"#54278F",FALSE,9,1,FALSE,"cringeanarchy",0.348130715342435,0.780753981971566,NA,NA,NA,NA
0.865716252089187,0.150565943878539,0.00723405559135596,"#00441B",FALSE,4,12,FALSE,"cryptocurrency",0.865716252089187,0.150565943878539,NA,NA,NA,NA
0.62522008553524,0.822490034198366,0.0715210251881549,"#41AB5D",FALSE,18,6,FALSE,"dankmemes",0.62522008553524,0.822490034198366,NA,NA,NA,NA
0.944889066297636,0.594760203887921,0.0135368202842357,"#54278F",FALSE,3,1,FALSE,"darksouls",0.944889066297636,0.594760203887921,NA,NA,NA,NA
0.928649283433782,0.65561900113452,0.0237393513803607,"#6A51A3",FALSE,5,4,FALSE,"destinythegame",0.928649283433782,0.65561900113452,NA,NA,NA,NA
0.961746326844835,0.276638456507336,0.0129134237968503,"#54278F",FALSE,3,13,FALSE,"dnd",0.961746326844835,0.276638456507336,NA,NA,NA,NA
0.194076938571068,0.190012114278728,0.0352136829196456,"#54278F",FALSE,7,2,FALSE,"europe",0.194076938571068,0.190012114278728,NA,NA,NA,NA
0.661574141695332,0.495688061919549,0.0583594621242026,"#006D2C",FALSE,9,5,FALSE,"fallout",0.661574141695332,0.495688061919549,NA,NA,NA,NA
0.911415214467006,0.492762935415204,0.020792834959971,"#EF3B2C",FALSE,3,14,FALSE,"fo76",0.911415214467006,0.492762935415204,NA,NA,NA,NA
0.631764233392315,0.58658584466164,0.0843875826500708,"#54278F",FALSE,18,1,FALSE,"fortnitebr",0.631764233392315,0.58658584466164,NA,NA,NA,NA
0.394763328319246,0.687327253744538,0.71576067325514,"#006D2C",TRUE,56,9,FALSE,"funny",0.394763328319246,0.687327253744538,NA,NA,NA,NA
0.54766611744066,0.514907306068418,0.108284482032592,"#54278F",FALSE,20,1,FALSE,"games",0.54766611744066,0.514907306068418,NA,NA,NA,NA
0.541741341008258,0.628244566213359,0.542460062991358,"#54278F",TRUE,65,1,FALSE,"gaming",0.541741341008258,0.628244566213359,NA,NA,NA,NA
0.260569350709273,0.701413418044393,0.33214116224321,"#006D2C",TRUE,23,9,FALSE,"gifs",0.260569350709273,0.701413418044393,NA,NA,NA,NA
0.916657817424219,0.208665426166259,0.0105338002470622,"#67000D",FALSE,7,15,FALSE,"gonewild",0.916657817424219,0.208665426166259,NA,NA,NA,NA
0.511519518658532,0.275274667187826,0.0390266387754613,"#EF3B2C",FALSE,11,3,FALSE,"hiphopheads",0.511519518658532,0.275274667187826,NA,NA,NA,NA
0.245737383714644,0.223782175942668,0.0413084702158604,"#EF3B2C",FALSE,12,3,FALSE,"hockey",0.245737383714644,0.223782175942668,NA,NA,NA,NA
0.216385390755855,0.964992988164368,0.0281842006984843,"#006D2C",FALSE,3,9,FALSE,"insanepeoplefacebook",0.216385390755855,0.964992988164368,NA,NA,NA,NA
0.279497549919571,0.845459957593327,0.0644156287729507,"#006D2C",FALSE,12,9,FALSE,"interestingasfuck",0.279497549919571,0.845459957593327,NA,NA,NA,NA
0.364001809778687,0.945676807738498,0.0589991613299318,"#006D2C",TRUE,7,9,FALSE,"jokes",0.364001809778687,0.945676807738498,NA,NA,NA,NA
0.607252897385207,0.0730682170179349,0.00857598892058986,"#3F007D",FALSE,3,16,FALSE,"kanye",0.607252897385207,0.0730682170179349,NA,NA,NA,NA
0.574752687809058,0.236265265383451,0.0462550201545244,"#EF3B2C",FALSE,7,3,FALSE,"leagueoflegends",0.574752687809058,0.236265265383451,NA,NA,NA,NA
0.0953510980527108,0.274018943048585,0.017844999508625,"#54278F",FALSE,3,2,FALSE,"libertarian",0.0953510980527108,0.274018943048585,NA,NA,NA,NA
1,0.370399655718898,0.0141825563567373,"#3F007D",FALSE,3,17,FALSE,"magictcg",1,0.370399655718898,NA,NA,NA,NA
0.653893779584484,0.648735129514211,0.04626693788605,"#54278F",FALSE,6,1,FALSE,"marvelstudios",0.653893779584484,0.648735129514211,NA,NA,NA,NA
0.694434083855209,0.829360776368531,0.0560699258297796,"#41AB5D",FALSE,8,6,FALSE,"me_irl",0.694434083855209,0.829360776368531,NA,NA,NA,NA
0.544272222611936,0.927381973045313,0.0421947415408967,"#41AB5D",FALSE,6,6,FALSE,"memes",0.544272222611936,0.927381973045313,NA,NA,NA,NA
0.474669928671794,0.959084884892558,0.0440988040775781,"#006D2C",FALSE,7,9,FALSE,"mildlyinfuriating",0.474669928671794,0.959084884892558,NA,NA,NA,NA
0.387007740031274,0.779500375638361,0.272524839757933,"#006D2C",TRUE,24,9,FALSE,"mildlyinteresting",0.387007740031274,0.779500375638361,NA,NA,NA,NA
0.486591574951088,0.0449304555772977,0.0185500437448896,"#EF3B2C",FALSE,4,3,FALSE,"mma",0.486591574951088,0.0449304555772977,NA,NA,NA,NA
0.425297862183754,0.506035723975504,0.223161412105623,"#54278F",TRUE,27,2,FALSE,"movies",0.425297862183754,0.506035723975504,NA,NA,NA,NA
0.435476417158566,0.361656866185015,0.156880592308858,"#EF3B2C",FALSE,39,3,FALSE,"nba",0.435476417158566,0.361656866185015,NA,NA,NA,NA
0.252661281396204,0.569276409531137,0.445632372645211,"#54278F",TRUE,30,2,FALSE,"news",0.252661281396204,0.569276409531137,NA,NA,NA,NA
0.347134741121013,0.353208124376085,0.0913867266213935,"#EF3B2C",FALSE,16,3,FALSE,"nfl",0.347134741121013,0.353208124376085,NA,NA,NA,NA
0.850076106980618,0.379818714236604,0.0122352833848127,"#67000D",FALSE,4,11,FALSE,"nintendo",0.850076106980618,0.379818714236604,NA,NA,NA,NA
0.62805700601594,0.429627170305402,0.0632957207634779,"#6A51A3",FALSE,15,4,FALSE,"nintendoswitch",0.62805700601594,0.429627170305402,NA,NA,NA,NA
0.416340224222369,0.907373736308667,0.0770356758430457,"#006D2C",FALSE,8,9,FALSE,"nostupidquestions",0.416340224222369,0.907373736308667,NA,NA,NA,NA
0.0977330073386915,0.72260927168315,0.0294741487830467,"#006D2C",TRUE,6,9,FALSE,"nottheonion",0.0977330073386915,0.72260927168315,NA,NA,NA,NA
0.319151473559657,0.922674651475776,0.0430794373121751,"#006D2C",FALSE,9,9,FALSE,"oddlysatisfying",0.319151473559657,0.922674651475776,NA,NA,NA,NA
0.233783282979732,0.811298164759258,0.0728666786107344,"#006D2C",TRUE,11,9,FALSE,"oldschoolcool",0.233783282979732,0.811298164759258,NA,NA,NA,NA
0.742734427580035,0.776659521803768,0.0385996084442154,"#54278F",FALSE,6,1,FALSE,"overwatch",0.742734427580035,0.776659521803768,NA,NA,NA,NA
0.812470009195643,0.71285503041691,0.017630051625439,"#54278F",FALSE,4,1,FALSE,"pcgaming",0.812470009195643,0.71285503041691,NA,NA,NA,NA
0.0763576276183776,0.513830416287468,0.0359201148677825,"#54278F",TRUE,5,2,FALSE,"personalfinance",0.0763576276183776,0.513830416287468,NA,NA,NA,NA
0.367422665148171,0.691484633621028,0.637977624022523,"#006D2C",TRUE,40,9,FALSE,"pics",0.367422665148171,0.691484633621028,NA,NA,NA,NA
0.15904941548377,0.595087440452588,0.0743420258893214,"#54278F",FALSE,7,2,FALSE,"politicalhumor",0.15904941548377,0.595087440452588,NA,NA,NA,NA
0.351980887809612,0.457414986570839,0.513529608913312,"#54278F",FALSE,48,2,FALSE,"politics",0.351980887809612,0.457414986570839,NA,NA,NA,NA
0.600679015079217,0.950284644863654,0.040864861814242,"#41AB5D",FALSE,7,6,FALSE,"prequelmemes",0.600679015079217,0.950284644863654,NA,NA,NA,NA
0.634964639102753,0.350005726975734,0.0416219552803951,"#6A51A3",FALSE,10,4,FALSE,"ps4",0.634964639102753,0.350005726975734,NA,NA,NA,NA
0,0.512384780800775,0.0176307795707928,"#54278F",FALSE,3,2,FALSE,"publicfreakout",0,0.512384780800775,NA,NA,NA,NA
0.523960858585229,0.0883350073446739,0.0507453654778915,"#08519C",FALSE,5,8,FALSE,"relationships",0.523960858585229,0.0883350073446739,NA,NA,NA,NA
0.807873364600712,0.0949603995949542,0.009232939373178,"#2171B5",FALSE,3,18,FALSE,"rupaulsdragrace",0.807873364600712,0.0949603995949542,NA,NA,NA,NA
0.432369587426872,0.770503272120543,0.329005477173277,"#006D2C",TRUE,29,9,FALSE,"showerthoughts",0.432369587426872,0.770503272120543,NA,NA,NA,NA
0.398649199400893,0.335723269000202,0.123420324798291,"#EF3B2C",FALSE,36,3,FALSE,"soccer",0.398649199400893,0.335723269000202,NA,NA,NA,NA
0.531472097536126,0.719574961747937,0.0415179758761283,"#54278F",FALSE,9,1,FALSE,"starwars",0.531472097536126,0.719574961747937,NA,NA,NA,NA
0.0966104831908668,0.599173592601205,0.0469554273259128,"#54278F",FALSE,7,2,FALSE,"technology",0.0966104831908668,0.599173592601205,NA,NA,NA,NA
0.834723790496495,0.93076590755339,0.0206203083148718,"#41AB5D",FALSE,4,6,FALSE,"teenagers",0.834723790496495,0.93076590755339,NA,NA,NA,NA
0.305912260578154,0.447039264942285,0.102635059286412,"#54278F",TRUE,13,2,FALSE,"television",0.305912260578154,0.447039264942285,NA,NA,NA,NA
0.199381120110494,0.520825940296406,0.100939070509075,"#54278F",FALSE,12,2,FALSE,"the_donald",0.199381120110494,0.520825940296406,NA,NA,NA,NA
0.318511207746298,0.618332936865406,0.396873702859533,"#006D2C",TRUE,27,9,FALSE,"todayilearned",0.318511207746298,0.618332936865406,NA,NA,NA,NA
0.218894969857965,0.760100403369634,0.0999028841293467,"#006D2C",FALSE,14,9,FALSE,"trashy",0.218894969857965,0.760100403369634,NA,NA,NA,NA
0.290516068332036,0.15551468651587,0.0218137479281192,"#00441B",FALSE,7,10,FALSE,"ukpolitics",0.290516068332036,0.15551468651587,NA,NA,NA,NA
0.241413032405413,0.113126456610395,0.0187539704283572,"#00441B",FALSE,5,10,FALSE,"unitedkingdom",0.241413032405413,0.113126456610395,NA,NA,NA,NA
0.290116731785084,0.576795222777462,0.242008465605053,"#006D2C",TRUE,18,9,FALSE,"videos",0.290116731785084,0.576795222777462,NA,NA,NA,NA
0.174688868878826,0.285022675136551,0.0279129829119245,"#54278F",FALSE,4,2,FALSE,"westworld",0.174688868878826,0.285022675136551,NA,NA,NA,NA
0.13959302961662,0.86426281164132,0.0328467886836331,"#006D2C",FALSE,5,9,FALSE,"whatcouldgowrong",0.13959302961662,0.86426281164132,NA,NA,NA,NA
0.297033544172996,0.489028744763989,0.584437013355078,"#54278F",TRUE,44,2,FALSE,"worldnews",0.297033544172996,0.489028744763989,NA,NA,NA,NA
0.744878094139171,1,0.0211217466010613,"#41AB5D",FALSE,3,6,FALSE,"memeeconomy",0.744878094139171,1,NA,NA,NA,NA
0.732252654243147,0.0669387847014954,0.00814858219330268,"#67000D",FALSE,3,19,FALSE,"livestreamfail",0.732252654243147,0.0669387847014954,NA,NA,NA,NA
0.69831843619223,0.901767214299692,0.0384754498996765,"#54278F",FALSE,5,1,FALSE,"pcmasterrace",0.69831843619223,0.901767214299692,NA,NA,NA,NA
0.833792711199277,0.83660126937424,0.0147722914264618,"#41AB5D",FALSE,3,6,FALSE,"pewdiepiesubmissions",0.833792711199277,0.83660126937424,NA,NA,NA,NA
0.881342184553448,0.433375817820101,0.0125865363251721,"#6A51A3",FALSE,3,4,FALSE,"pokemon",0.881342184553448,0.433375817820101,NA,NA,NA,NA
0.880612395623971,0.714013271245544,0.0233025316011044,"#54278F",FALSE,3,1,FALSE,"rainbow6",0.880612395623971,0.714013271245544,NA,NA,NA,NA
0.810939261168173,0.324162154684911,0.0194954442350514,"#67000D",FALSE,5,11,FALSE,"smashbros",0.810939261168173,0.324162154684911,NA,NA,NA,NA
0.47958201875963,0.226574231093973,0.0475923274260067,"#EF3B2C",FALSE,9,3,FALSE,"squaredcircle",0.47958201875963,0.226574231093973,NA,NA,NA,NA
0.524103869108901,0.979128914294542,0.036183718108114,"#54278F",FALSE,4,1,FALSE,"trees",0.524103869108901,0.979128914294542,NA,NA,NA,NA
0.0340738853754423,0.651100499017496,0.0132747893833313,"#54278F",FALSE,3,2,FALSE,"whitepeopletwitter",0.0340738853754423,0.651100499017496,NA,NA,NA,NA
0.676429192712001,0.269249293992709,0.027998392603373,"#54278F",FALSE,3,1,FALSE,"wow",0.676429192712001,0.269249293992709,NA,NA,NA,NA
0.200314975686734,0.720105614959132,0.14441508403299,"#006D2C",FALSE,16,9,FALSE,"wtf",0.200314975686734,0.720105614959132,NA,NA,NA,NA
0.810465525345539,0.484643923248931,0.0251407176295393,"#6A51A3",FALSE,7,4,FALSE,"xboxone",0.810465525345539,0.484643923248931,NA,NA,NA,NA
0,0.512384780800775,0.0176307795707928,"#54278F",FALSE,3,2,FALSE,"publicfreakout",0.290116731785084,0.576795222777462,"#cccccc",TRUE,FALSE,230
0.0440119563733197,0.394987616964996,0.0185192170102045,"#54278F",FALSE,4,2,FALSE,"conspiracy",0.351980887809612,0.457414986570839,"#54278F",FALSE,FALSE,295
0.0440119563733197,0.394987616964996,0.0185192170102045,"#54278F",FALSE,4,2,FALSE,"conspiracy",0.199381120110494,0.520825940296406,"#54278F",FALSE,FALSE,223
0.0440119563733197,0.394987616964996,0.0185192170102045,"#54278F",FALSE,4,2,FALSE,"conspiracy",0.297033544172996,0.489028744763989,"#54278F",TRUE,FALSE,239
0.0613171366347681,0.328438929172202,0.0190449160326532,"#54278F",FALSE,3,2,FALSE,"atheism",0.351980887809612,0.457414986570839,"#54278F",FALSE,FALSE,273
0.0613171366347681,0.328438929172202,0.0190449160326532,"#54278F",FALSE,3,2,FALSE,"atheism",0.297033544172996,0.489028744763989,"#54278F",TRUE,FALSE,202
0.0763576276183776,0.513830416287468,0.0359201148677825,"#54278F",TRUE,5,2,FALSE,"personalfinance",0.351980887809612,0.457414986570839,"#54278F",TRUE,FALSE,209
0.0763576276183776,0.513830416287468,0.0359201148677825,"#54278F",TRUE,5,2,FALSE,"personalfinance",0.297033544172996,0.489028744763989,"#54278F",TRUE,FALSE,218
0.0953510980527108,0.274018943048585,0.017844999508625,"#54278F",FALSE,3,2,FALSE,"libertarian",0.351980887809612,0.457414986570839,"#54278F",FALSE,FALSE,236
0.0953510980527108,0.274018943048585,0.017844999508625,"#54278F",FALSE,3,2,FALSE,"libertarian",0.297033544172996,0.489028744763989,"#54278F",TRUE,FALSE,216
0.0966104831908668,0.599173592601205,0.0469554273259128,"#54278F",FALSE,7,2,FALSE,"technology",0.318511207746298,0.618332936865406,"#cccccc",TRUE,FALSE,281
0.0966104831908668,0.599173592601205,0.0469554273259128,"#54278F",FALSE,7,2,FALSE,"technology",0.297033544172996,0.489028744763989,"#54278F",TRUE,FALSE,505
0.0977330073386915,0.72260927168315,0.0294741487830467,"#006D2C",TRUE,6,9,FALSE,"nottheonion",0.367422665148171,0.691484633621028,"#006D2C",TRUE,FALSE,216
0.0977330073386915,0.72260927168315,0.0294741487830467,"#006D2C",TRUE,6,9,FALSE,"nottheonion",0.318511207746298,0.618332936865406,"#006D2C",TRUE,FALSE,226
0.0977330073386915,0.72260927168315,0.0294741487830467,"#006D2C",TRUE,6,9,FALSE,"nottheonion",0.297033544172996,0.489028744763989,"#cccccc",TRUE,FALSE,285
0.105644609859384,0.193602215570761,0.0152062667021547,"#54278F",FALSE,3,2,FALSE,"australia",0.297033544172996,0.489028744763989,"#54278F",TRUE,FALSE,240
0.117101003240611,0.426937166089736,0.0524846024507694,"#54278F",FALSE,10,2,FALSE,"canada",0.394763328319246,0.687327253744538,"#cccccc",TRUE,FALSE,203
0.117101003240611,0.426937166089736,0.0524846024507694,"#54278F",FALSE,10,2,FALSE,"canada",0.245737383714644,0.223782175942668,"#cccccc",FALSE,FALSE,207
0.117101003240611,0.426937166089736,0.0524846024507694,"#54278F",FALSE,10,2,FALSE,"canada",0.252661281396204,0.569276409531137,"#54278F",TRUE,FALSE,284
0.117101003240611,0.426937166089736,0.0524846024507694,"#54278F",FALSE,10,2,FALSE,"canada",0.351980887809612,0.457414986570839,"#54278F",FALSE,FALSE,507
0.117101003240611,0.426937166089736,0.0524846024507694,"#54278F",FALSE,10,2,FALSE,"canada",0.297033544172996,0.489028744763989,"#54278F",TRUE,FALSE,757
0.13959302961662,0.86426281164132,0.0328467886836331,"#006D2C",FALSE,5,9,FALSE,"whatcouldgowrong",0.200314975686734,0.720105614959132,"#006D2C",FALSE,FALSE,212
0.15904941548377,0.595087440452588,0.0743420258893214,"#54278F",FALSE,7,2,FALSE,"politicalhumor",0.351980887809612,0.457414986570839,"#54278F",FALSE,FALSE,1090
0.15904941548377,0.595087440452588,0.0743420258893214,"#54278F",FALSE,7,2,FALSE,"politicalhumor",0.297033544172996,0.489028744763989,"#54278F",TRUE,FALSE,630
0.162653140443876,0.668066853855779,0.0642703928736802,"#006D2C",FALSE,9,9,FALSE,"adviceanimals",0.498692772247536,0.519152892082337,"#cccccc",TRUE,FALSE,642
0.162653140443876,0.668066853855779,0.0642703928736802,"#006D2C",FALSE,9,9,FALSE,"adviceanimals",0.394763328319246,0.687327253744538,"#006D2C",TRUE,FALSE,539
0.162653140443876,0.668066853855779,0.0642703928736802,"#006D2C",FALSE,9,9,FALSE,"adviceanimals",0.541741341008258,0.628244566213359,"#cccccc",TRUE,FALSE,271
0.162653140443876,0.668066853855779,0.0642703928736802,"#006D2C",FALSE,9,9,FALSE,"adviceanimals",0.260569350709273,0.701413418044393,"#006D2C",TRUE,FALSE,200
0.162653140443876,0.668066853855779,0.0642703928736802,"#006D2C",FALSE,9,9,FALSE,"adviceanimals",0.252661281396204,0.569276409531137,"#cccccc",TRUE,FALSE,224
0.162653140443876,0.668066853855779,0.0642703928736802,"#006D2C",FALSE,9,9,FALSE,"adviceanimals",0.367422665148171,0.691484633621028,"#006D2C",TRUE,FALSE,429
0.162653140443876,0.668066853855779,0.0642703928736802,"#006D2C",FALSE,9,9,FALSE,"adviceanimals",0.351980887809612,0.457414986570839,"#cccccc",FALSE,FALSE,230
0.162653140443876,0.668066853855779,0.0642703928736802,"#006D2C",FALSE,9,9,FALSE,"adviceanimals",0.318511207746298,0.618332936865406,"#006D2C",TRUE,FALSE,321
0.162653140443876,0.668066853855779,0.0642703928736802,"#006D2C",FALSE,9,9,FALSE,"adviceanimals",0.297033544172996,0.489028744763989,"#cccccc",TRUE,FALSE,283
0.174688868878826,0.285022675136551,0.0279129829119245,"#54278F",FALSE,4,2,FALSE,"westworld",0.297033544172996,0.489028744763989,"#54278F",TRUE,FALSE,214
0.194076938571068,0.190012114278728,0.0352136829196456,"#54278F",FALSE,7,2,FALSE,"europe",0.351980887809612,0.457414986570839,"#54278F",FALSE,FALSE,246
0.194076938571068,0.190012114278728,0.0352136829196456,"#54278F",FALSE,7,2,FALSE,"europe",0.398649199400893,0.335723269000202,"#cccccc",FALSE,FALSE,421
0.194076938571068,0.190012114278728,0.0352136829196456,"#54278F",FALSE,7,2,FALSE,"europe",0.290516068332036,0.15551468651587,"#cccccc",FALSE,FALSE,237
0.194076938571068,0.190012114278728,0.0352136829196456,"#54278F",FALSE,7,2,FALSE,"europe",0.297033544172996,0.489028744763989,"#54278F",TRUE,FALSE,733
0.199381120110494,0.520825940296406,0.100939070509075,"#54278F",FALSE,12,2,FALSE,"the_donald",0.297033544172996,0.489028744763989,"#54278F",TRUE,FALSE,791
0.216385390755855,0.964992988164368,0.0281842006984843,"#006D2C",FALSE,3,9,FALSE,"insanepeoplefacebook",0.218894969857965,0.760100403369634,"#006D2C",FALSE,FALSE,271
0.218894969857965,0.760100403369634,0.0999028841293467,"#006D2C",FALSE,14,9,FALSE,"trashy",0.297033544172996,0.489028744763989,"#cccccc",TRUE,FALSE,314
0.218894969857965,0.760100403369634,0.0999028841293467,"#006D2C",FALSE,14,9,FALSE,"trashy",0.200314975686734,0.720105614959132,"#006D2C",FALSE,FALSE,330
0.233783282979732,0.811298164759258,0.0728666786107344,"#006D2C",TRUE,11,9,FALSE,"oldschoolcool",0.367422665148171,0.691484633621028,"#006D2C",TRUE,FALSE,565
0.233783282979732,0.811298164759258,0.0728666786107344,"#006D2C",TRUE,11,9,FALSE,"oldschoolcool",0.432369587426872,0.770503272120543,"#006D2C",TRUE,FALSE,250
0.233783282979732,0.811298164759258,0.0728666786107344,"#006D2C",TRUE,11,9,FALSE,"oldschoolcool",0.318511207746298,0.618332936865406,"#006D2C",TRUE,FALSE,355
0.233783282979732,0.811298164759258,0.0728666786107344,"#006D2C",TRUE,11,9,FALSE,"oldschoolcool",0.297033544172996,0.489028744763989,"#cccccc",TRUE,FALSE,262
0.241413032405413,0.113126456610395,0.0187539704283572,"#00441B",FALSE,5,10,FALSE,"unitedkingdom",0.297033544172996,0.489028744763989,"#cccccc",TRUE,FALSE,313
0.245051473157006,0.452048170335594,0.0942421581885328,"#54278F",FALSE,13,2,FALSE,"blackpeopletwitter",0.394763328319246,0.687327253744538,"#cccccc",TRUE,FALSE,579
0.245051473157006,0.452048170335594,0.0942421581885328,"#54278F",FALSE,13,2,FALSE,"blackpeopletwitter",0.541741341008258,0.628244566213359,"#cccccc",TRUE,FALSE,383
0.245051473157006,0.452048170335594,0.0942421581885328,"#54278F",FALSE,13,2,FALSE,"blackpeopletwitter",0.260569350709273,0.701413418044393,"#cccccc",TRUE,FALSE,260
0.245051473157006,0.452048170335594,0.0942421581885328,"#54278F",FALSE,13,2,FALSE,"blackpeopletwitter",0.511519518658532,0.275274667187826,"#cccccc",FALSE,FALSE,415
0.245051473157006,0.452048170335594,0.0942421581885328,"#54278F",FALSE,13,2,FALSE,"blackpeopletwitter",0.435476417158566,0.361656866185015,"#cccccc",FALSE,FALSE,447
0.245051473157006,0.452048170335594,0.0942421581885328,"#54278F",FALSE,13,2,FALSE,"blackpeopletwitter",0.252661281396204,0.569276409531137,"#54278F",TRUE,FALSE,318
0.245051473157006,0.452048170335594,0.0942421581885328,"#54278F",FALSE,13,2,FALSE,"blackpeopletwitter",0.367422665148171,0.691484633621028,"#cccccc",TRUE,FALSE,471
0.245051473157006,0.452048170335594,0.0942421581885328,"#54278F",FALSE,13,2,FALSE,"blackpeopletwitter",0.351980887809612,0.457414986570839,"#54278F",FALSE,FALSE,452
0.245051473157006,0.452048170335594,0.0942421581885328,"#54278F",FALSE,13,2,FALSE,"blackpeopletwitter",0.398649199400893,0.335723269000202,"#cccccc",FALSE,FALSE,206
0.245051473157006,0.452048170335594,0.0942421581885328,"#54278F",FALSE,13,2,FALSE,"blackpeopletwitter",0.318511207746298,0.618332936865406,"#cccccc",TRUE,FALSE,285
0.245051473157006,0.452048170335594,0.0942421581885328,"#54278F",FALSE,13,2,FALSE,"blackpeopletwitter",0.0340738853754423,0.651100499017496,"#54278F",FALSE,FALSE,201
0.245051473157006,0.452048170335594,0.0942421581885328,"#54278F",FALSE,13,2,FALSE,"blackpeopletwitter",0.297033544172996,0.489028744763989,"#54278F",TRUE,FALSE,366
0.245737383714644,0.223782175942668,0.0413084702158604,"#EF3B2C",FALSE,12,3,FALSE,"hockey",0.435476417158566,0.361656866185015,"#EF3B2C",FALSE,FALSE,480
0.245737383714644,0.223782175942668,0.0413084702158604,"#EF3B2C",FALSE,12,3,FALSE,"hockey",0.347134741121013,0.353208124376085,"#EF3B2C",FALSE,FALSE,344
0.245737383714644,0.223782175942668,0.0413084702158604,"#EF3B2C",FALSE,12,3,FALSE,"hockey",0.351980887809612,0.457414986570839,"#cccccc",FALSE,FALSE,399
0.245737383714644,0.223782175942668,0.0413084702158604,"#EF3B2C",FALSE,12,3,FALSE,"hockey",0.398649199400893,0.335723269000202,"#EF3B2C",FALSE,FALSE,381
0.245737383714644,0.223782175942668,0.0413084702158604,"#EF3B2C",FALSE,12,3,FALSE,"hockey",0.297033544172996,0.489028744763989,"#cccccc",TRUE,FALSE,255
0.252661281396204,0.569276409531137,0.445632372645211,"#54278F",TRUE,30,2,FALSE,"news",0.347134741121013,0.353208124376085,"#cccccc",TRUE,FALSE,359
0.252661281396204,0.569276409531137,0.445632372645211,"#54278F",TRUE,30,2,FALSE,"news",0.0977330073386915,0.72260927168315,"#cccccc",TRUE,FALSE,243
0.252661281396204,0.569276409531137,0.445632372645211,"#54278F",TRUE,30,2,FALSE,"news",0.233783282979732,0.811298164759258,"#cccccc",TRUE,FALSE,226
0.252661281396204,0.569276409531137,0.445632372645211,"#54278F",TRUE,30,2,FALSE,"news",0.0763576276183776,0.513830416287468,"#54278F",TRUE,FALSE,214
0.252661281396204,0.569276409531137,0.445632372645211,"#54278F",TRUE,30,2,FALSE,"news",0.367422665148171,0.691484633621028,"#cccccc",TRUE,FALSE,1984
0.252661281396204,0.569276409531137,0.445632372645211,"#54278F",TRUE,30,2,FALSE,"news",0.15904941548377,0.595087440452588,"#54278F",TRUE,FALSE,380
0.252661281396204,0.569276409531137,0.445632372645211,"#54278F",TRUE,30,2,FALSE,"news",0.351980887809612,0.457414986570839,"#54278F",TRUE,FALSE,3017
0.252661281396204,0.569276409531137,0.445632372645211,"#54278F",TRUE,30,2,FALSE,"news",0,0.512384780800775,"#54278F",TRUE,FALSE,202
0.252661281396204,0.569276409531137,0.445632372645211,"#54278F",TRUE,30,2,FALSE,"news",0.432369587426872,0.770503272120543,"#cccccc",TRUE,FALSE,627
0.252661281396204,0.569276409531137,0.445632372645211,"#54278F",TRUE,30,2,FALSE,"news",0.398649199400893,0.335723269000202,"#cccccc",TRUE,FALSE,256
0.252661281396204,0.569276409531137,0.445632372645211,"#54278F",TRUE,30,2,FALSE,"news",0.0966104831908668,0.599173592601205,"#54278F",TRUE,FALSE,367
0.252661281396204,0.569276409531137,0.445632372645211,"#54278F",TRUE,30,2,FALSE,"news",0.305912260578154,0.447039264942285,"#54278F",TRUE,FALSE,541
0.252661281396204,0.569276409531137,0.445632372645211,"#54278F",TRUE,30,2,FALSE,"news",0.199381120110494,0.520825940296406,"#54278F",TRUE,FALSE,425
0.252661281396204,0.569276409531137,0.445632372645211,"#54278F",TRUE,30,2,FALSE,"news",0.318511207746298,0.618332936865406,"#cccccc",TRUE,FALSE,1636
0.252661281396204,0.569276409531137,0.445632372645211,"#54278F",TRUE,30,2,FALSE,"news",0.218894969857965,0.760100403369634,"#cccccc",TRUE,FALSE,222
0.252661281396204,0.569276409531137,0.445632372645211,"#54278F",TRUE,30,2,FALSE,"news",0.290116731785084,0.576795222777462,"#cccccc",TRUE,FALSE,942
0.252661281396204,0.569276409531137,0.445632372645211,"#54278F",TRUE,30,2,FALSE,"news",0.297033544172996,0.489028744763989,"#54278F",TRUE,FALSE,4620
0.252661281396204,0.569276409531137,0.445632372645211,"#54278F",TRUE,30,2,FALSE,"news",0.200314975686734,0.720105614959132,"#cccccc",TRUE,FALSE,417
0.260569350709273,0.701413418044393,0.33214116224321,"#006D2C",TRUE,23,9,FALSE,"gifs",0.279497549919571,0.845459957593327,"#006D2C",TRUE,FALSE,351
0.260569350709273,0.701413418044393,0.33214116224321,"#006D2C",TRUE,23,9,FALSE,"gifs",0.364001809778687,0.945676807738498,"#006D2C",TRUE,FALSE,215
0.260569350709273,0.701413418044393,0.33214116224321,"#006D2C",TRUE,23,9,FALSE,"gifs",0.387007740031274,0.779500375638361,"#006D2C",TRUE,FALSE,1120
0.260569350709273,0.701413418044393,0.33214116224321,"#006D2C",TRUE,23,9,FALSE,"gifs",0.425297862183754,0.506035723975504,"#cccccc",TRUE,FALSE,494
0.260569350709273,0.701413418044393,0.33214116224321,"#006D2C",TRUE,23,9,FALSE,"gifs",0.252661281396204,0.569276409531137,"#cccccc",TRUE,FALSE,944
0.260569350709273,0.701413418044393,0.33214116224321,"#006D2C",TRUE,23,9,FALSE,"gifs",0.319151473559657,0.922674651475776,"#006D2C",TRUE,FALSE,258
0.260569350709273,0.701413418044393,0.33214116224321,"#006D2C",TRUE,23,9,FALSE,"gifs",0.233783282979732,0.811298164759258,"#006D2C",TRUE,FALSE,374
0.260569350709273,0.701413418044393,0.33214116224321,"#006D2C",TRUE,23,9,FALSE,"gifs",0.367422665148171,0.691484633621028,"#006D2C",TRUE,FALSE,2361
0.260569350709273,0.701413418044393,0.33214116224321,"#006D2C",TRUE,23,9,FALSE,"gifs",0.351980887809612,0.457414986570839,"#cccccc",TRUE,FALSE,674
0.260569350709273,0.701413418044393,0.33214116224321,"#006D2C",TRUE,23,9,FALSE,"gifs",0.432369587426872,0.770503272120543,"#006D2C",TRUE,FALSE,871
0.260569350709273,0.701413418044393,0.33214116224321,"#006D2C",TRUE,23,9,FALSE,"gifs",0.305912260578154,0.447039264942285,"#cccccc",TRUE,FALSE,242
0.260569350709273,0.701413418044393,0.33214116224321,"#006D2C",TRUE,23,9,FALSE,"gifs",0.318511207746298,0.618332936865406,"#006D2C",TRUE,FALSE,1183
0.260569350709273,0.701413418044393,0.33214116224321,"#006D2C",TRUE,23,9,FALSE,"gifs",0.218894969857965,0.760100403369634,"#006D2C",TRUE,FALSE,268
0.260569350709273,0.701413418044393,0.33214116224321,"#006D2C",TRUE,23,9,FALSE,"gifs",0.290116731785084,0.576795222777462,"#006D2C",TRUE,FALSE,878
0.260569350709273,0.701413418044393,0.33214116224321,"#006D2C",TRUE,23,9,FALSE,"gifs",0.13959302961662,0.86426281164132,"#006D2C",TRUE,FALSE,251
0.260569350709273,0.701413418044393,0.33214116224321,"#006D2C",TRUE,23,9,FALSE,"gifs",0.297033544172996,0.489028744763989,"#cccccc",TRUE,FALSE,1165
0.260569350709273,0.701413418044393,0.33214116224321,"#006D2C",TRUE,23,9,FALSE,"gifs",0.200314975686734,0.720105614959132,"#006D2C",TRUE,FALSE,572
0.279497549919571,0.845459957593327,0.0644156287729507,"#006D2C",FALSE,12,9,FALSE,"interestingasfuck",0.387007740031274,0.779500375638361,"#006D2C",TRUE,FALSE,334
0.279497549919571,0.845459957593327,0.0644156287729507,"#006D2C",FALSE,12,9,FALSE,"interestingasfuck",0.319151473559657,0.922674651475776,"#006D2C",FALSE,FALSE,201
0.279497549919571,0.845459957593327,0.0644156287729507,"#006D2C",FALSE,12,9,FALSE,"interestingasfuck",0.367422665148171,0.691484633621028,"#006D2C",TRUE,FALSE,434
0.279497549919571,0.845459957593327,0.0644156287729507,"#006D2C",FALSE,12,9,FALSE,"interestingasfuck",0.432369587426872,0.770503272120543,"#006D2C",TRUE,FALSE,229
0.279497549919571,0.845459957593327,0.0644156287729507,"#006D2C",FALSE,12,9,FALSE,"interestingasfuck",0.318511207746298,0.618332936865406,"#006D2C",TRUE,FALSE,357
0.279497549919571,0.845459957593327,0.0644156287729507,"#006D2C",FALSE,12,9,FALSE,"interestingasfuck",0.297033544172996,0.489028744763989,"#cccccc",TRUE,FALSE,248
0.279497549919571,0.845459957593327,0.0644156287729507,"#006D2C",FALSE,12,9,FALSE,"interestingasfuck",0.200314975686734,0.720105614959132,"#006D2C",FALSE,FALSE,233
0.285346926796481,0.7402203865151,0.286973296995741,"#006D2C",TRUE,19,9,FALSE,"aww",0.394763328319246,0.687327253744538,"#006D2C",TRUE,FALSE,2431
0.285346926796481,0.7402203865151,0.286973296995741,"#006D2C",TRUE,19,9,FALSE,"aww",0.541741341008258,0.628244566213359,"#cccccc",TRUE,FALSE,1138
0.285346926796481,0.7402203865151,0.286973296995741,"#006D2C",TRUE,19,9,FALSE,"aww",0.260569350709273,0.701413418044393,"#006D2C",TRUE,FALSE,1147
0.285346926796481,0.7402203865151,0.286973296995741,"#006D2C",TRUE,19,9,FALSE,"aww",0.279497549919571,0.845459957593327,"#006D2C",TRUE,FALSE,238
0.285346926796481,0.7402203865151,0.286973296995741,"#006D2C",TRUE,19,9,FALSE,"aww",0.387007740031274,0.779500375638361,"#006D2C",TRUE,FALSE,1021
0.285346926796481,0.7402203865151,0.286973296995741,"#006D2C",TRUE,19,9,FALSE,"aww",0.425297862183754,0.506035723975504,"#cccccc",TRUE,FALSE,297
0.285346926796481,0.7402203865151,0.286973296995741,"#006D2C",TRUE,19,9,FALSE,"aww",0.252661281396204,0.569276409531137,"#cccccc",TRUE,FALSE,565
0.285346926796481,0.7402203865151,0.286973296995741,"#006D2C",TRUE,19,9,FALSE,"aww",0.319151473559657,0.922674651475776,"#006D2C",TRUE,FALSE,246
0.285346926796481,0.7402203865151,0.286973296995741,"#006D2C",TRUE,19,9,FALSE,"aww",0.233783282979732,0.811298164759258,"#006D2C",TRUE,FALSE,314
0.285346926796481,0.7402203865151,0.286973296995741,"#006D2C",TRUE,19,9,FALSE,"aww",0.367422665148171,0.691484633621028,"#006D2C",TRUE,FALSE,2003
0.285346926796481,0.7402203865151,0.286973296995741,"#006D2C",TRUE,19,9,FALSE,"aww",0.351980887809612,0.457414986570839,"#cccccc",TRUE,FALSE,544
0.285346926796481,0.7402203865151,0.286973296995741,"#006D2C",TRUE,19,9,FALSE,"aww",0.432369587426872,0.770503272120543,"#006D2C",TRUE,FALSE,822
0.285346926796481,0.7402203865151,0.286973296995741,"#006D2C",TRUE,19,9,FALSE,"aww",0.318511207746298,0.618332936865406,"#006D2C",TRUE,FALSE,733
0.285346926796481,0.7402203865151,0.286973296995741,"#006D2C",TRUE,19,9,FALSE,"aww",0.218894969857965,0.760100403369634,"#006D2C",TRUE,FALSE,279
0.285346926796481,0.7402203865151,0.286973296995741,"#006D2C",TRUE,19,9,FALSE,"aww",0.290116731785084,0.576795222777462,"#006D2C",TRUE,FALSE,402
0.285346926796481,0.7402203865151,0.286973296995741,"#006D2C",TRUE,19,9,FALSE,"aww",0.297033544172996,0.489028744763989,"#cccccc",TRUE,FALSE,703
0.285346926796481,0.7402203865151,0.286973296995741,"#006D2C",TRUE,19,9,FALSE,"aww",0.200314975686734,0.720105614959132,"#006D2C",TRUE,FALSE,351
0.290116731785084,0.576795222777462,0.242008465605053,"#006D2C",TRUE,18,9,FALSE,"videos",0.297033544172996,0.489028744763989,"#cccccc",TRUE,FALSE,1177
0.290116731785084,0.576795222777462,0.242008465605053,"#006D2C",TRUE,18,9,FALSE,"videos",0.200314975686734,0.720105614959132,"#006D2C",TRUE,FALSE,393
0.290516068332036,0.15551468651587,0.0218137479281192,"#00441B",FALSE,7,10,FALSE,"ukpolitics",0.241413032405413,0.113126456610395,"#00441B",FALSE,FALSE,623
0.290516068332036,0.15551468651587,0.0218137479281192,"#00441B",FALSE,7,10,FALSE,"ukpolitics",0.297033544172996,0.489028744763989,"#cccccc",TRUE,FALSE,347
0.297033544172996,0.489028744763989,0.584437013355078,"#54278F",TRUE,44,2,FALSE,"worldnews",0.200314975686734,0.720105614959132,"#cccccc",TRUE,FALSE,535
0.305912260578154,0.447039264942285,0.102635059286412,"#54278F",TRUE,13,2,FALSE,"television",0.318511207746298,0.618332936865406,"#cccccc",TRUE,FALSE,391
0.305912260578154,0.447039264942285,0.102635059286412,"#54278F",TRUE,13,2,FALSE,"television",0.290116731785084,0.576795222777462,"#cccccc",TRUE,FALSE,339
0.305912260578154,0.447039264942285,0.102635059286412,"#54278F",TRUE,13,2,FALSE,"television",0.297033544172996,0.489028744763989,"#54278F",TRUE,FALSE,583
0.318511207746298,0.618332936865406,0.396873702859533,"#006D2C",TRUE,27,9,FALSE,"todayilearned",0.218894969857965,0.760100403369634,"#006D2C",TRUE,FALSE,266
0.318511207746298,0.618332936865406,0.396873702859533,"#006D2C",TRUE,27,9,FALSE,"todayilearned",0.290116731785084,0.576795222777462,"#006D2C",TRUE,FALSE,956
0.318511207746298,0.618332936865406,0.396873702859533,"#006D2C",TRUE,27,9,FALSE,"todayilearned",0.297033544172996,0.489028744763989,"#cccccc",TRUE,FALSE,2201
0.318511207746298,0.618332936865406,0.396873702859533,"#006D2C",TRUE,27,9,FALSE,"todayilearned",0.200314975686734,0.720105614959132,"#006D2C",TRUE,FALSE,561
0.319151473559657,0.922674651475776,0.0430794373121751,"#006D2C",FALSE,9,9,FALSE,"oddlysatisfying",0.367422665148171,0.691484633621028,"#006D2C",TRUE,FALSE,328
0.319151473559657,0.922674651475776,0.0430794373121751,"#006D2C",FALSE,9,9,FALSE,"oddlysatisfying",0.432369587426872,0.770503272120543,"#006D2C",TRUE,FALSE,235
0.343952117573941,0.0209472907276931,0.0188369887492404,"#00441B",FALSE,6,10,FALSE,"casualuk",0.398649199400893,0.335723269000202,"#cccccc",FALSE,FALSE,257
0.343952117573941,0.0209472907276931,0.0188369887492404,"#00441B",FALSE,6,10,FALSE,"casualuk",0.290516068332036,0.15551468651587,"#00441B",FALSE,FALSE,235
0.343952117573941,0.0209472907276931,0.0188369887492404,"#00441B",FALSE,6,10,FALSE,"casualuk",0.241413032405413,0.113126456610395,"#00441B",FALSE,FALSE,312
0.347134741121013,0.353208124376085,0.0913867266213935,"#EF3B2C",FALSE,16,3,FALSE,"nfl",0.367422665148171,0.691484633621028,"#cccccc",TRUE,FALSE,204
0.347134741121013,0.353208124376085,0.0913867266213935,"#EF3B2C",FALSE,16,3,FALSE,"nfl",0.351980887809612,0.457414986570839,"#cccccc",FALSE,FALSE,673
0.347134741121013,0.353208124376085,0.0913867266213935,"#EF3B2C",FALSE,16,3,FALSE,"nfl",0.398649199400893,0.335723269000202,"#EF3B2C",FALSE,FALSE,430
0.347134741121013,0.353208124376085,0.0913867266213935,"#EF3B2C",FALSE,16,3,FALSE,"nfl",0.47958201875963,0.226574231093973,"#EF3B2C",FALSE,FALSE,237
0.347134741121013,0.353208124376085,0.0913867266213935,"#EF3B2C",FALSE,16,3,FALSE,"nfl",0.318511207746298,0.618332936865406,"#cccccc",TRUE,FALSE,211
0.347134741121013,0.353208124376085,0.0913867266213935,"#EF3B2C",FALSE,16,3,FALSE,"nfl",0.297033544172996,0.489028744763989,"#cccccc",TRUE,FALSE,392
0.348130715342435,0.780753981971566,0.0534407120474066,"#54278F",FALSE,9,1,FALSE,"cringeanarchy",0.62522008553524,0.822490034198366,"#cccccc",FALSE,FALSE,269
0.348130715342435,0.780753981971566,0.0534407120474066,"#54278F",FALSE,9,1,FALSE,"cringeanarchy",0.394763328319246,0.687327253744538,"#cccccc",TRUE,FALSE,241
0.348130715342435,0.780753981971566,0.0534407120474066,"#54278F",FALSE,9,1,FALSE,"cringeanarchy",0.541741341008258,0.628244566213359,"#54278F",TRUE,FALSE,298
0.348130715342435,0.780753981971566,0.0534407120474066,"#54278F",FALSE,9,1,FALSE,"cringeanarchy",0.367422665148171,0.691484633621028,"#cccccc",TRUE,FALSE,272
0.348130715342435,0.780753981971566,0.0534407120474066,"#54278F",FALSE,9,1,FALSE,"cringeanarchy",0.351980887809612,0.457414986570839,"#cccccc",FALSE,FALSE,201
0.348130715342435,0.780753981971566,0.0534407120474066,"#54278F",FALSE,9,1,FALSE,"cringeanarchy",0.199381120110494,0.520825940296406,"#cccccc",FALSE,FALSE,419
0.348130715342435,0.780753981971566,0.0534407120474066,"#54278F",FALSE,9,1,FALSE,"cringeanarchy",0.297033544172996,0.489028744763989,"#cccccc",TRUE,FALSE,277
0.351980887809612,0.457414986570839,0.513529608913312,"#54278F",FALSE,48,2,FALSE,"politics",0.634964639102753,0.350005726975734,"#cccccc",FALSE,FALSE,232
0.351980887809612,0.457414986570839,0.513529608913312,"#54278F",FALSE,48,2,FALSE,"politics",0.523960858585229,0.0883350073446739,"#cccccc",FALSE,FALSE,235
0.351980887809612,0.457414986570839,0.513529608913312,"#54278F",FALSE,48,2,FALSE,"politics",0.432369587426872,0.770503272120543,"#cccccc",TRUE,FALSE,465
0.351980887809612,0.457414986570839,0.513529608913312,"#54278F",FALSE,48,2,FALSE,"politics",0.398649199400893,0.335723269000202,"#cccccc",FALSE,FALSE,699
0.351980887809612,0.457414986570839,0.513529608913312,"#54278F",FALSE,48,2,FALSE,"politics",0.47958201875963,0.226574231093973,"#cccccc",FALSE,FALSE,370
0.351980887809612,0.457414986570839,0.513529608913312,"#54278F",FALSE,48,2,FALSE,"politics",0.531472097536126,0.719574961747937,"#cccccc",FALSE,FALSE,267
0.351980887809612,0.457414986570839,0.513529608913312,"#54278F",FALSE,48,2,FALSE,"politics",0.0966104831908668,0.599173592601205,"#54278F",FALSE,FALSE,309
0.351980887809612,0.457414986570839,0.513529608913312,"#54278F",FALSE,48,2,FALSE,"politics",0.305912260578154,0.447039264942285,"#54278F",TRUE,FALSE,567
0.351980887809612,0.457414986570839,0.513529608913312,"#54278F",FALSE,48,2,FALSE,"politics",0.199381120110494,0.520825940296406,"#54278F",FALSE,FALSE,991
0.351980887809612,0.457414986570839,0.513529608913312,"#54278F",FALSE,48,2,FALSE,"politics",0.318511207746298,0.618332936865406,"#cccccc",TRUE,FALSE,1288
0.351980887809612,0.457414986570839,0.513529608913312,"#54278F",FALSE,48,2,FALSE,"politics",0.218894969857965,0.760100403369634,"#cccccc",FALSE,FALSE,294
0.351980887809612,0.457414986570839,0.513529608913312,"#54278F",FALSE,48,2,FALSE,"politics",0.290516068332036,0.15551468651587,"#cccccc",FALSE,FALSE,208
0.351980887809612,0.457414986570839,0.513529608913312,"#54278F",FALSE,48,2,FALSE,"politics",0.290116731785084,0.576795222777462,"#cccccc",TRUE,FALSE,811
0.351980887809612,0.457414986570839,0.513529608913312,"#54278F",FALSE,48,2,FALSE,"politics",0.174688868878826,0.285022675136551,"#54278F",FALSE,FALSE,356
0.351980887809612,0.457414986570839,0.513529608913312,"#54278F",FALSE,48,2,FALSE,"politics",0.297033544172996,0.489028744763989,"#54278F",TRUE,FALSE,4687
0.351980887809612,0.457414986570839,0.513529608913312,"#54278F",FALSE,48,2,FALSE,"politics",0.676429192712001,0.269249293992709,"#cccccc",FALSE,FALSE,219
0.351980887809612,0.457414986570839,0.513529608913312,"#54278F",FALSE,48,2,FALSE,"politics",0.200314975686734,0.720105614959132,"#cccccc",FALSE,FALSE,453
0.361794464193638,0.128986246388584,0.0315699428036788,"#EF3B2C",FALSE,9,3,FALSE,"baseball",0.245737383714644,0.223782175942668,"#EF3B2C",FALSE,FALSE,329
0.361794464193638,0.128986246388584,0.0315699428036788,"#EF3B2C",FALSE,9,3,FALSE,"baseball",0.435476417158566,0.361656866185015,"#EF3B2C",FALSE,FALSE,824
0.361794464193638,0.128986246388584,0.0315699428036788,"#EF3B2C",FALSE,9,3,FALSE,"baseball",0.347134741121013,0.353208124376085,"#EF3B2C",FALSE,FALSE,525
0.361794464193638,0.128986246388584,0.0315699428036788,"#EF3B2C",FALSE,9,3,FALSE,"baseball",0.351980887809612,0.457414986570839,"#cccccc",FALSE,FALSE,340
0.361794464193638,0.128986246388584,0.0315699428036788,"#EF3B2C",FALSE,9,3,FALSE,"baseball",0.398649199400893,0.335723269000202,"#EF3B2C",FALSE,FALSE,272
0.364001809778687,0.945676807738498,0.0589991613299318,"#006D2C",TRUE,7,9,FALSE,"jokes",0.387007740031274,0.779500375638361,"#006D2C",TRUE,FALSE,300
0.364001809778687,0.945676807738498,0.0589991613299318,"#006D2C",TRUE,7,9,FALSE,"jokes",0.367422665148171,0.691484633621028,"#006D2C",TRUE,FALSE,370
0.364001809778687,0.945676807738498,0.0589991613299318,"#006D2C",TRUE,7,9,FALSE,"jokes",0.432369587426872,0.770503272120543,"#006D2C",TRUE,FALSE,518
0.367422665148171,0.691484633621028,0.637977624022523,"#006D2C",TRUE,40,9,FALSE,"pics",0.15904941548377,0.595087440452588,"#cccccc",TRUE,FALSE,364
0.367422665148171,0.691484633621028,0.637977624022523,"#006D2C",TRUE,40,9,FALSE,"pics",0.351980887809612,0.457414986570839,"#cccccc",TRUE,FALSE,2064
0.367422665148171,0.691484633621028,0.637977624022523,"#006D2C",TRUE,40,9,FALSE,"pics",0.432369587426872,0.770503272120543,"#006D2C",TRUE,FALSE,1658
0.367422665148171,0.691484633621028,0.637977624022523,"#006D2C",TRUE,40,9,FALSE,"pics",0.398649199400893,0.335723269000202,"#cccccc",TRUE,FALSE,247
0.367422665148171,0.691484633621028,0.637977624022523,"#006D2C",TRUE,40,9,FALSE,"pics",0.0966104831908668,0.599173592601205,"#cccccc",TRUE,FALSE,248
0.367422665148171,0.691484633621028,0.637977624022523,"#006D2C",TRUE,40,9,FALSE,"pics",0.305912260578154,0.447039264942285,"#cccccc",TRUE,FALSE,418
0.367422665148171,0.691484633621028,0.637977624022523,"#006D2C",TRUE,40,9,FALSE,"pics",0.199381120110494,0.520825940296406,"#cccccc",TRUE,FALSE,492
0.367422665148171,0.691484633621028,0.637977624022523,"#006D2C",TRUE,40,9,FALSE,"pics",0.318511207746298,0.618332936865406,"#006D2C",TRUE,FALSE,2135
0.367422665148171,0.691484633621028,0.637977624022523,"#006D2C",TRUE,40,9,FALSE,"pics",0.218894969857965,0.760100403369634,"#006D2C",TRUE,FALSE,566
0.367422665148171,0.691484633621028,0.637977624022523,"#006D2C",TRUE,40,9,FALSE,"pics",0.524103869108901,0.979128914294542,"#cccccc",TRUE,FALSE,242
0.367422665148171,0.691484633621028,0.637977624022523,"#006D2C",TRUE,40,9,FALSE,"pics",0.290116731785084,0.576795222777462,"#006D2C",TRUE,FALSE,1400
0.367422665148171,0.691484633621028,0.637977624022523,"#006D2C",TRUE,40,9,FALSE,"pics",0.13959302961662,0.86426281164132,"#006D2C",TRUE,FALSE,292
0.367422665148171,0.691484633621028,0.637977624022523,"#006D2C",TRUE,40,9,FALSE,"pics",0.297033544172996,0.489028744763989,"#cccccc",TRUE,FALSE,2755
0.367422665148171,0.691484633621028,0.637977624022523,"#006D2C",TRUE,40,9,FALSE,"pics",0.200314975686734,0.720105614959132,"#006D2C",TRUE,FALSE,938
0.387007740031274,0.779500375638361,0.272524839757933,"#006D2C",TRUE,24,9,FALSE,"mildlyinteresting",0.425297862183754,0.506035723975504,"#cccccc",TRUE,FALSE,272
0.387007740031274,0.779500375638361,0.272524839757933,"#006D2C",TRUE,24,9,FALSE,"mildlyinteresting",0.252661281396204,0.569276409531137,"#cccccc",TRUE,FALSE,524
0.387007740031274,0.779500375638361,0.272524839757933,"#006D2C",TRUE,24,9,FALSE,"mildlyinteresting",0.416340224222369,0.907373736308667,"#006D2C",TRUE,FALSE,272
0.387007740031274,0.779500375638361,0.272524839757933,"#006D2C",TRUE,24,9,FALSE,"mildlyinteresting",0.319151473559657,0.922674651475776,"#006D2C",TRUE,FALSE,380
0.387007740031274,0.779500375638361,0.272524839757933,"#006D2C",TRUE,24,9,FALSE,"mildlyinteresting",0.233783282979732,0.811298164759258,"#006D2C",TRUE,FALSE,373
0.387007740031274,0.779500375638361,0.272524839757933,"#006D2C",TRUE,24,9,FALSE,"mildlyinteresting",0.367422665148171,0.691484633621028,"#006D2C",TRUE,FALSE,1898
0.387007740031274,0.779500375638361,0.272524839757933,"#006D2C",TRUE,24,9,FALSE,"mildlyinteresting",0.351980887809612,0.457414986570839,"#cccccc",TRUE,FALSE,368
0.387007740031274,0.779500375638361,0.272524839757933,"#006D2C",TRUE,24,9,FALSE,"mildlyinteresting",0.432369587426872,0.770503272120543,"#006D2C",TRUE,FALSE,1326
0.387007740031274,0.779500375638361,0.272524839757933,"#006D2C",TRUE,24,9,FALSE,"mildlyinteresting",0.318511207746298,0.618332936865406,"#006D2C",TRUE,FALSE,891
0.387007740031274,0.779500375638361,0.272524839757933,"#006D2C",TRUE,24,9,FALSE,"mildlyinteresting",0.218894969857965,0.760100403369634,"#006D2C",TRUE,FALSE,347
0.387007740031274,0.779500375638361,0.272524839757933,"#006D2C",TRUE,24,9,FALSE,"mildlyinteresting",0.290116731785084,0.576795222777462,"#006D2C",TRUE,FALSE,402
0.387007740031274,0.779500375638361,0.272524839757933,"#006D2C",TRUE,24,9,FALSE,"mildlyinteresting",0.297033544172996,0.489028744763989,"#cccccc",TRUE,FALSE,638
0.387007740031274,0.779500375638361,0.272524839757933,"#006D2C",TRUE,24,9,FALSE,"mildlyinteresting",0.200314975686734,0.720105614959132,"#006D2C",TRUE,FALSE,366
0.394763328319246,0.687327253744538,0.71576067325514,"#006D2C",TRUE,56,9,FALSE,"funny",0.54766611744066,0.514907306068418,"#cccccc",TRUE,FALSE,276
0.394763328319246,0.687327253744538,0.71576067325514,"#006D2C",TRUE,56,9,FALSE,"funny",0.541741341008258,0.628244566213359,"#cccccc",TRUE,FALSE,4106
0.394763328319246,0.687327253744538,0.71576067325514,"#006D2C",TRUE,56,9,FALSE,"funny",0.260569350709273,0.701413418044393,"#006D2C",TRUE,FALSE,2800
0.394763328319246,0.687327253744538,0.71576067325514,"#006D2C",TRUE,56,9,FALSE,"funny",0.216385390755855,0.964992988164368,"#006D2C",TRUE,FALSE,249
0.394763328319246,0.687327253744538,0.71576067325514,"#006D2C",TRUE,56,9,FALSE,"funny",0.279497549919571,0.845459957593327,"#006D2C",TRUE,FALSE,493
0.394763328319246,0.687327253744538,0.71576067325514,"#006D2C",TRUE,56,9,FALSE,"funny",0.364001809778687,0.945676807738498,"#006D2C",TRUE,FALSE,586
0.394763328319246,0.687327253744538,0.71576067325514,"#006D2C",TRUE,56,9,FALSE,"funny",0.653893779584484,0.648735129514211,"#cccccc",TRUE,FALSE,264
0.394763328319246,0.687327253744538,0.71576067325514,"#006D2C",TRUE,56,9,FALSE,"funny",0.694434083855209,0.829360776368531,"#cccccc",TRUE,FALSE,306
0.394763328319246,0.687327253744538,0.71576067325514,"#006D2C",TRUE,56,9,FALSE,"funny",0.544272222611936,0.927381973045313,"#cccccc",TRUE,FALSE,496
0.394763328319246,0.687327253744538,0.71576067325514,"#006D2C",TRUE,56,9,FALSE,"funny",0.474669928671794,0.959084884892558,"#006D2C",TRUE,FALSE,412
0.394763328319246,0.687327253744538,0.71576067325514,"#006D2C",TRUE,56,9,FALSE,"funny",0.387007740031274,0.779500375638361,"#006D2C",TRUE,FALSE,2231
0.394763328319246,0.687327253744538,0.71576067325514,"#006D2C",TRUE,56,9,FALSE,"funny",0.425297862183754,0.506035723975504,"#cccccc",TRUE,FALSE,944
0.394763328319246,0.687327253744538,0.71576067325514,"#006D2C",TRUE,56,9,FALSE,"funny",0.435476417158566,0.361656866185015,"#cccccc",TRUE,FALSE,394
0.394763328319246,0.687327253744538,0.71576067325514,"#006D2C",TRUE,56,9,FALSE,"funny",0.252661281396204,0.569276409531137,"#cccccc",TRUE,FALSE,1781
0.394763328319246,0.687327253744538,0.71576067325514,"#006D2C",TRUE,56,9,FALSE,"funny",0.347134741121013,0.353208124376085,"#cccccc",TRUE,FALSE,236
0.394763328319246,0.687327253744538,0.71576067325514,"#006D2C",TRUE,56,9,FALSE,"funny",0.62805700601594,0.429627170305402,"#cccccc",TRUE,FALSE,220
0.394763328319246,0.687327253744538,0.71576067325514,"#006D2C",TRUE,56,9,FALSE,"funny",0.416340224222369,0.907373736308667,"#006D2C",TRUE,FALSE,392
0.394763328319246,0.687327253744538,0.71576067325514,"#006D2C",TRUE,56,9,FALSE,"funny",0.0977330073386915,0.72260927168315,"#006D2C",TRUE,FALSE,216
0.394763328319246,0.687327253744538,0.71576067325514,"#006D2C",TRUE,56,9,FALSE,"funny",0.319151473559657,0.922674651475776,"#006D2C",TRUE,FALSE,418
0.394763328319246,0.687327253744538,0.71576067325514,"#006D2C",TRUE,56,9,FALSE,"funny",0.233783282979732,0.811298164759258,"#006D2C",TRUE,FALSE,542
0.394763328319246,0.687327253744538,0.71576067325514,"#006D2C",TRUE,56,9,FALSE,"funny",0.742734427580035,0.776659521803768,"#cccccc",TRUE,FALSE,219
0.394763328319246,0.687327253744538,0.71576067325514,"#006D2C",TRUE,56,9,FALSE,"funny",0.69831843619223,0.901767214299692,"#cccccc",TRUE,FALSE,263
0.394763328319246,0.687327253744538,0.71576067325514,"#006D2C",TRUE,56,9,FALSE,"funny",0.0763576276183776,0.513830416287468,"#cccccc",TRUE,FALSE,204
0.394763328319246,0.687327253744538,0.71576067325514,"#006D2C",TRUE,56,9,FALSE,"funny",0.367422665148171,0.691484633621028,"#006D2C",TRUE,FALSE,5493
0.394763328319246,0.687327253744538,0.71576067325514,"#006D2C",TRUE,56,9,FALSE,"funny",0.15904941548377,0.595087440452588,"#cccccc",TRUE,FALSE,369
0.394763328319246,0.687327253744538,0.71576067325514,"#006D2C",TRUE,56,9,FALSE,"funny",0.351980887809612,0.457414986570839,"#cccccc",TRUE,FALSE,1990
0.394763328319246,0.687327253744538,0.71576067325514,"#006D2C",TRUE,56,9,FALSE,"funny",0.600679015079217,0.950284644863654,"#cccccc",TRUE,FALSE,306
0.394763328319246,0.687327253744538,0.71576067325514,"#006D2C",TRUE,56,9,FALSE,"funny",0.432369587426872,0.770503272120543,"#006D2C",TRUE,FALSE,2349
0.394763328319246,0.687327253744538,0.71576067325514,"#006D2C",TRUE,56,9,FALSE,"funny",0.398649199400893,0.335723269000202,"#cccccc",TRUE,FALSE,287
0.394763328319246,0.687327253744538,0.71576067325514,"#006D2C",TRUE,56,9,FALSE,"funny",0.531472097536126,0.719574961747937,"#cccccc",TRUE,FALSE,231
0.394763328319246,0.687327253744538,0.71576067325514,"#006D2C",TRUE,56,9,FALSE,"funny",0.0966104831908668,0.599173592601205,"#cccccc",TRUE,FALSE,261
0.394763328319246,0.687327253744538,0.71576067325514,"#006D2C",TRUE,56,9,FALSE,"funny",0.305912260578154,0.447039264942285,"#cccccc",TRUE,FALSE,369
0.394763328319246,0.687327253744538,0.71576067325514,"#006D2C",TRUE,56,9,FALSE,"funny",0.199381120110494,0.520825940296406,"#cccccc",TRUE,FALSE,388
0.394763328319246,0.687327253744538,0.71576067325514,"#006D2C",TRUE,56,9,FALSE,"funny",0.318511207746298,0.618332936865406,"#006D2C",TRUE,FALSE,2268
0.394763328319246,0.687327253744538,0.71576067325514,"#006D2C",TRUE,56,9,FALSE,"funny",0.218894969857965,0.760100403369634,"#006D2C",TRUE,FALSE,645
0.394763328319246,0.687327253744538,0.71576067325514,"#006D2C",TRUE,56,9,FALSE,"funny",0.524103869108901,0.979128914294542,"#cccccc",TRUE,FALSE,299
0.394763328319246,0.687327253744538,0.71576067325514,"#006D2C",TRUE,56,9,FALSE,"funny",0.290116731785084,0.576795222777462,"#006D2C",TRUE,FALSE,1413
0.394763328319246,0.687327253744538,0.71576067325514,"#006D2C",TRUE,56,9,FALSE,"funny",0.13959302961662,0.86426281164132,"#006D2C",TRUE,FALSE,373
0.394763328319246,0.687327253744538,0.71576067325514,"#006D2C",TRUE,56,9,FALSE,"funny",0.0340738853754423,0.651100499017496,"#cccccc",TRUE,FALSE,206
0.394763328319246,0.687327253744538,0.71576067325514,"#006D2C",TRUE,56,9,FALSE,"funny",0.297033544172996,0.489028744763989,"#cccccc",TRUE,FALSE,2450
0.394763328319246,0.687327253744538,0.71576067325514,"#006D2C",TRUE,56,9,FALSE,"funny",0.200314975686734,0.720105614959132,"#006D2C",TRUE,FALSE,1107
0.398649199400893,0.335723269000202,0.123420324798291,"#EF3B2C",FALSE,36,3,FALSE,"soccer",0.47958201875963,0.226574231093973,"#EF3B2C",FALSE,FALSE,490
0.398649199400893,0.335723269000202,0.123420324798291,"#EF3B2C",FALSE,36,3,FALSE,"soccer",0.318511207746298,0.618332936865406,"#cccccc",TRUE,FALSE,204
0.398649199400893,0.335723269000202,0.123420324798291,"#EF3B2C",FALSE,36,3,FALSE,"soccer",0.290516068332036,0.15551468651587,"#cccccc",FALSE,FALSE,271
0.398649199400893,0.335723269000202,0.123420324798291,"#EF3B2C",FALSE,36,3,FALSE,"soccer",0.241413032405413,0.113126456610395,"#cccccc",FALSE,FALSE,200
0.398649199400893,0.335723269000202,0.123420324798291,"#EF3B2C",FALSE,36,3,FALSE,"soccer",0.297033544172996,0.489028744763989,"#cccccc",TRUE,FALSE,747
0.416340224222369,0.907373736308667,0.0770356758430457,"#006D2C",FALSE,8,9,FALSE,"nostupidquestions",0.367422665148171,0.691484633621028,"#006D2C",TRUE,FALSE,305
0.416340224222369,0.907373736308667,0.0770356758430457,"#006D2C",FALSE,8,9,FALSE,"nostupidquestions",0.432369587426872,0.770503272120543,"#006D2C",TRUE,FALSE,528
0.416340224222369,0.907373736308667,0.0770356758430457,"#006D2C",FALSE,8,9,FALSE,"nostupidquestions",0.318511207746298,0.618332936865406,"#006D2C",TRUE,FALSE,200
0.417513281115453,0.0495133178166297,0.0135033671029903,"#EF3B2C",FALSE,3,3,FALSE,"cfb",0.435476417158566,0.361656866185015,"#EF3B2C",FALSE,FALSE,317
0.417513281115453,0.0495133178166297,0.0135033671029903,"#EF3B2C",FALSE,3,3,FALSE,"cfb",0.347134741121013,0.353208124376085,"#EF3B2C",FALSE,FALSE,283
0.424517723379734,0.974991138928631,0.0367000746681953,"#006D2C",FALSE,7,9,FALSE,"crappydesign",0.394763328319246,0.687327253744538,"#006D2C",TRUE,FALSE,339
0.424517723379734,0.974991138928631,0.0367000746681953,"#006D2C",FALSE,7,9,FALSE,"crappydesign",0.541741341008258,0.628244566213359,"#cccccc",TRUE,FALSE,213
0.424517723379734,0.974991138928631,0.0367000746681953,"#006D2C",FALSE,7,9,FALSE,"crappydesign",0.474669928671794,0.959084884892558,"#006D2C",FALSE,FALSE,258
0.424517723379734,0.974991138928631,0.0367000746681953,"#006D2C",FALSE,7,9,FALSE,"crappydesign",0.387007740031274,0.779500375638361,"#006D2C",TRUE,FALSE,336
0.424517723379734,0.974991138928631,0.0367000746681953,"#006D2C",FALSE,7,9,FALSE,"crappydesign",0.367422665148171,0.691484633621028,"#006D2C",TRUE,FALSE,232
0.424517723379734,0.974991138928631,0.0367000746681953,"#006D2C",FALSE,7,9,FALSE,"crappydesign",0.432369587426872,0.770503272120543,"#006D2C",TRUE,FALSE,257
0.425297862183754,0.506035723975504,0.223161412105623,"#54278F",TRUE,27,2,FALSE,"movies",0.435476417158566,0.361656866185015,"#cccccc",TRUE,FALSE,571
0.425297862183754,0.506035723975504,0.223161412105623,"#54278F",TRUE,27,2,FALSE,"movies",0.252661281396204,0.569276409531137,"#54278F",TRUE,FALSE,933
0.425297862183754,0.506035723975504,0.223161412105623,"#54278F",TRUE,27,2,FALSE,"movies",0.347134741121013,0.353208124376085,"#cccccc",TRUE,FALSE,345
0.425297862183754,0.506035723975504,0.223161412105623,"#54278F",TRUE,27,2,FALSE,"movies",0.62805700601594,0.429627170305402,"#cccccc",TRUE,FALSE,260
0.425297862183754,0.506035723975504,0.223161412105623,"#54278F",TRUE,27,2,FALSE,"movies",0.367422665148171,0.691484633621028,"#cccccc",TRUE,FALSE,871
0.425297862183754,0.506035723975504,0.223161412105623,"#54278F",TRUE,27,2,FALSE,"movies",0.351980887809612,0.457414986570839,"#54278F",TRUE,FALSE,1087
0.425297862183754,0.506035723975504,0.223161412105623,"#54278F",TRUE,27,2,FALSE,"movies",0.634964639102753,0.350005726975734,"#cccccc",TRUE,FALSE,330
0.425297862183754,0.506035723975504,0.223161412105623,"#54278F",TRUE,27,2,FALSE,"movies",0.432369587426872,0.770503272120543,"#cccccc",TRUE,FALSE,292
0.425297862183754,0.506035723975504,0.223161412105623,"#54278F",TRUE,27,2,FALSE,"movies",0.398649199400893,0.335723269000202,"#cccccc",TRUE,FALSE,379
0.425297862183754,0.506035723975504,0.223161412105623,"#54278F",TRUE,27,2,FALSE,"movies",0.47958201875963,0.226574231093973,"#cccccc",TRUE,FALSE,316
0.425297862183754,0.506035723975504,0.223161412105623,"#54278F",TRUE,27,2,FALSE,"movies",0.531472097536126,0.719574961747937,"#cccccc",TRUE,FALSE,482
0.425297862183754,0.506035723975504,0.223161412105623,"#54278F",TRUE,27,2,FALSE,"movies",0.305912260578154,0.447039264942285,"#54278F",TRUE,FALSE,1218
0.425297862183754,0.506035723975504,0.223161412105623,"#54278F",TRUE,27,2,FALSE,"movies",0.318511207746298,0.618332936865406,"#cccccc",TRUE,FALSE,821
0.425297862183754,0.506035723975504,0.223161412105623,"#54278F",TRUE,27,2,FALSE,"movies",0.290116731785084,0.576795222777462,"#cccccc",TRUE,FALSE,685
0.425297862183754,0.506035723975504,0.223161412105623,"#54278F",TRUE,27,2,FALSE,"movies",0.174688868878826,0.285022675136551,"#54278F",TRUE,FALSE,210
0.425297862183754,0.506035723975504,0.223161412105623,"#54278F",TRUE,27,2,FALSE,"movies",0.297033544172996,0.489028744763989,"#54278F",TRUE,FALSE,1055
0.432369587426872,0.770503272120543,0.329005477173277,"#006D2C",TRUE,29,9,FALSE,"showerthoughts",0.318511207746298,0.618332936865406,"#006D2C",TRUE,FALSE,1000
0.432369587426872,0.770503272120543,0.329005477173277,"#006D2C",TRUE,29,9,FALSE,"showerthoughts",0.218894969857965,0.760100403369634,"#006D2C",TRUE,FALSE,267
0.432369587426872,0.770503272120543,0.329005477173277,"#006D2C",TRUE,29,9,FALSE,"showerthoughts",0.290116731785084,0.576795222777462,"#006D2C",TRUE,FALSE,335
0.432369587426872,0.770503272120543,0.329005477173277,"#006D2C",TRUE,29,9,FALSE,"showerthoughts",0.297033544172996,0.489028744763989,"#cccccc",TRUE,FALSE,843
0.432369587426872,0.770503272120543,0.329005477173277,"#006D2C",TRUE,29,9,FALSE,"showerthoughts",0.200314975686734,0.720105614959132,"#006D2C",TRUE,FALSE,254
0.435476417158566,0.361656866185015,0.156880592308858,"#EF3B2C",FALSE,39,3,FALSE,"nba",0.252661281396204,0.569276409531137,"#cccccc",TRUE,FALSE,529
0.435476417158566,0.361656866185015,0.156880592308858,"#EF3B2C",FALSE,39,3,FALSE,"nba",0.347134741121013,0.353208124376085,"#EF3B2C",FALSE,FALSE,1693
0.435476417158566,0.361656866185015,0.156880592308858,"#EF3B2C",FALSE,39,3,FALSE,"nba",0.62805700601594,0.429627170305402,"#cccccc",FALSE,FALSE,238
0.435476417158566,0.361656866185015,0.156880592308858,"#EF3B2C",FALSE,39,3,FALSE,"nba",0.367422665148171,0.691484633621028,"#cccccc",TRUE,FALSE,360
0.435476417158566,0.361656866185015,0.156880592308858,"#EF3B2C",FALSE,39,3,FALSE,"nba",0.351980887809612,0.457414986570839,"#cccccc",FALSE,FALSE,1178
0.435476417158566,0.361656866185015,0.156880592308858,"#EF3B2C",FALSE,39,3,FALSE,"nba",0.634964639102753,0.350005726975734,"#cccccc",FALSE,FALSE,235
0.435476417158566,0.361656866185015,0.156880592308858,"#EF3B2C",FALSE,39,3,FALSE,"nba",0.398649199400893,0.335723269000202,"#EF3B2C",FALSE,FALSE,1968
0.435476417158566,0.361656866185015,0.156880592308858,"#EF3B2C",FALSE,39,3,FALSE,"nba",0.47958201875963,0.226574231093973,"#EF3B2C",FALSE,FALSE,592
0.435476417158566,0.361656866185015,0.156880592308858,"#EF3B2C",FALSE,39,3,FALSE,"nba",0.305912260578154,0.447039264942285,"#cccccc",TRUE,FALSE,231
0.435476417158566,0.361656866185015,0.156880592308858,"#EF3B2C",FALSE,39,3,FALSE,"nba",0.199381120110494,0.520825940296406,"#cccccc",FALSE,FALSE,220
0.435476417158566,0.361656866185015,0.156880592308858,"#EF3B2C",FALSE,39,3,FALSE,"nba",0.318511207746298,0.618332936865406,"#cccccc",TRUE,FALSE,242
0.435476417158566,0.361656866185015,0.156880592308858,"#EF3B2C",FALSE,39,3,FALSE,"nba",0.290116731785084,0.576795222777462,"#cccccc",TRUE,FALSE,255
0.435476417158566,0.361656866185015,0.156880592308858,"#EF3B2C",FALSE,39,3,FALSE,"nba",0.297033544172996,0.489028744763989,"#cccccc",TRUE,FALSE,606
0.474669928671794,0.959084884892558,0.0440988040775781,"#006D2C",FALSE,7,9,FALSE,"mildlyinfuriating",0.387007740031274,0.779500375638361,"#006D2C",TRUE,FALSE,445
0.474669928671794,0.959084884892558,0.0440988040775781,"#006D2C",FALSE,7,9,FALSE,"mildlyinfuriating",0.367422665148171,0.691484633621028,"#006D2C",TRUE,FALSE,306
0.474669928671794,0.959084884892558,0.0440988040775781,"#006D2C",FALSE,7,9,FALSE,"mildlyinfuriating",0.432369587426872,0.770503272120543,"#006D2C",TRUE,FALSE,310
0.486591574951088,0.0449304555772977,0.0185500437448896,"#EF3B2C",FALSE,4,3,FALSE,"mma",0.435476417158566,0.361656866185015,"#EF3B2C",FALSE,FALSE,388
0.486591574951088,0.0449304555772977,0.0185500437448896,"#EF3B2C",FALSE,4,3,FALSE,"mma",0.398649199400893,0.335723269000202,"#EF3B2C",FALSE,FALSE,393
0.486591574951088,0.0449304555772977,0.0185500437448896,"#EF3B2C",FALSE,4,3,FALSE,"mma",0.47958201875963,0.226574231093973,"#EF3B2C",FALSE,FALSE,258
0.498692772247536,0.519152892082337,1,"#54278F",TRUE,187,1,FALSE,"askreddit",0.661771730012022,0,"#cccccc",TRUE,FALSE,969
0.498692772247536,0.519152892082337,1,"#54278F",TRUE,187,1,FALSE,"askreddit",0.0613171366347681,0.328438929172202,"#cccccc",TRUE,FALSE,342
0.498692772247536,0.519152892082337,1,"#54278F",TRUE,187,1,FALSE,"askreddit",0.105644609859384,0.193602215570761,"#cccccc",TRUE,FALSE,339
0.498692772247536,0.519152892082337,1,"#54278F",TRUE,187,1,FALSE,"askreddit",0.285346926796481,0.7402203865151,"#cccccc",TRUE,FALSE,2956
0.498692772247536,0.519152892082337,1,"#54278F",TRUE,187,1,FALSE,"askreddit",0.361794464193638,0.128986246388584,"#cccccc",TRUE,FALSE,596
0.498692772247536,0.519152892082337,1,"#54278F",TRUE,187,1,FALSE,"askreddit",0.905513255024194,0.543474670829044,"#cccccc",TRUE,FALSE,377
0.498692772247536,0.519152892082337,1,"#54278F",TRUE,187,1,FALSE,"askreddit",0.245051473157006,0.452048170335594,"#cccccc",TRUE,FALSE,1146
0.498692772247536,0.519152892082337,1,"#54278F",TRUE,187,1,FALSE,"askreddit",0.117101003240611,0.426937166089736,"#cccccc",TRUE,FALSE,671
0.498692772247536,0.519152892082337,1,"#54278F",TRUE,187,1,FALSE,"askreddit",0.343952117573941,0.0209472907276931,"#cccccc",TRUE,FALSE,551
0.498692772247536,0.519152892082337,1,"#54278F",TRUE,187,1,FALSE,"askreddit",0.417513281115453,0.0495133178166297,"#cccccc",TRUE,FALSE,350
0.498692772247536,0.519152892082337,1,"#54278F",TRUE,187,1,FALSE,"askreddit",0.0440119563733197,0.394987616964996,"#cccccc",TRUE,FALSE,270
0.498692772247536,0.519152892082337,1,"#54278F",TRUE,187,1,FALSE,"askreddit",0.424517723379734,0.974991138928631,"#cccccc",TRUE,FALSE,463
0.498692772247536,0.519152892082337,1,"#54278F",TRUE,187,1,FALSE,"askreddit",0.348130715342435,0.780753981971566,"#54278F",TRUE,FALSE,850
0.498692772247536,0.519152892082337,1,"#54278F",TRUE,187,1,FALSE,"askreddit",0.865716252089187,0.150565943878539,"#cccccc",TRUE,FALSE,228
0.498692772247536,0.519152892082337,1,"#54278F",TRUE,187,1,FALSE,"askreddit",0.62522008553524,0.822490034198366,"#cccccc",TRUE,FALSE,1126
0.498692772247536,0.519152892082337,1,"#54278F",TRUE,187,1,FALSE,"askreddit",0.944889066297636,0.594760203887921,"#54278F",TRUE,FALSE,297
0.498692772247536,0.519152892082337,1,"#54278F",TRUE,187,1,FALSE,"askreddit",0.928649283433782,0.65561900113452,"#cccccc",TRUE,FALSE,524
0.498692772247536,0.519152892082337,1,"#54278F",TRUE,187,1,FALSE,"askreddit",0.961746326844835,0.276638456507336,"#cccccc",TRUE,FALSE,407
0.498692772247536,0.519152892082337,1,"#54278F",TRUE,187,1,FALSE,"askreddit",0.194076938571068,0.190012114278728,"#cccccc",TRUE,FALSE,498
0.498692772247536,0.519152892082337,1,"#54278F",TRUE,187,1,FALSE,"askreddit",0.661574141695332,0.495688061919549,"#cccccc",TRUE,FALSE,872
0.498692772247536,0.519152892082337,1,"#54278F",TRUE,187,1,FALSE,"askreddit",0.911415214467006,0.492762935415204,"#cccccc",TRUE,FALSE,378
0.498692772247536,0.519152892082337,1,"#54278F",TRUE,187,1,FALSE,"askreddit",0.631764233392315,0.58658584466164,"#54278F",TRUE,FALSE,1544
0.498692772247536,0.519152892082337,1,"#54278F",TRUE,187,1,FALSE,"askreddit",0.394763328319246,0.687327253744538,"#cccccc",TRUE,FALSE,8067
0.498692772247536,0.519152892082337,1,"#54278F",TRUE,187,1,FALSE,"askreddit",0.54766611744066,0.514907306068418,"#54278F",TRUE,FALSE,1184
0.498692772247536,0.519152892082337,1,"#54278F",TRUE,187,1,FALSE,"askreddit",0.541741341008258,0.628244566213359,"#54278F",TRUE,FALSE,6141
0.498692772247536,0.519152892082337,1,"#54278F",TRUE,187,1,FALSE,"askreddit",0.260569350709273,0.701413418044393,"#cccccc",TRUE,FALSE,2725
0.498692772247536,0.519152892082337,1,"#54278F",TRUE,187,1,FALSE,"askreddit",0.916657817424219,0.208665426166259,"#cccccc",TRUE,FALSE,332
0.498692772247536,0.519152892082337,1,"#54278F",TRUE,187,1,FALSE,"askreddit",0.511519518658532,0.275274667187826,"#cccccc",TRUE,FALSE,658
0.498692772247536,0.519152892082337,1,"#54278F",TRUE,187,1,FALSE,"askreddit",0.245737383714644,0.223782175942668,"#cccccc",TRUE,FALSE,773
0.498692772247536,0.519152892082337,1,"#54278F",TRUE,187,1,FALSE,"askreddit",0.216385390755855,0.964992988164368,"#cccccc",TRUE,FALSE,683
0.498692772247536,0.519152892082337,1,"#54278F",TRUE,187,1,FALSE,"askreddit",0.279497549919571,0.845459957593327,"#cccccc",TRUE,FALSE,576
0.498692772247536,0.519152892082337,1,"#54278F",TRUE,187,1,FALSE,"askreddit",0.364001809778687,0.945676807738498,"#cccccc",TRUE,FALSE,728
0.498692772247536,0.519152892082337,1,"#54278F",TRUE,187,1,FALSE,"askreddit",0.607252897385207,0.0730682170179349,"#cccccc",TRUE,FALSE,208
0.498692772247536,0.519152892082337,1,"#54278F",TRUE,187,1,FALSE,"askreddit",0.574752687809058,0.236265265383451,"#cccccc",TRUE,FALSE,997
0.498692772247536,0.519152892082337,1,"#54278F",TRUE,187,1,FALSE,"askreddit",0.0953510980527108,0.274018943048585,"#cccccc",TRUE,FALSE,315
0.498692772247536,0.519152892082337,1,"#54278F",TRUE,187,1,FALSE,"askreddit",0.732252654243147,0.0669387847014954,"#cccccc",TRUE,FALSE,246
0.498692772247536,0.519152892082337,1,"#54278F",TRUE,187,1,FALSE,"askreddit",1,0.370399655718898,"#cccccc",TRUE,FALSE,447
0.498692772247536,0.519152892082337,1,"#54278F",TRUE,187,1,FALSE,"askreddit",0.653893779584484,0.648735129514211,"#54278F",TRUE,FALSE,782
0.498692772247536,0.519152892082337,1,"#54278F",TRUE,187,1,FALSE,"askreddit",0.694434083855209,0.829360776368531,"#cccccc",TRUE,FALSE,1159
0.498692772247536,0.519152892082337,1,"#54278F",TRUE,187,1,FALSE,"askreddit",0.744878094139171,1,"#cccccc",TRUE,FALSE,602
0.498692772247536,0.519152892082337,1,"#54278F",TRUE,187,1,FALSE,"askreddit",0.544272222611936,0.927381973045313,"#cccccc",TRUE,FALSE,525
0.498692772247536,0.519152892082337,1,"#54278F",TRUE,187,1,FALSE,"askreddit",0.474669928671794,0.959084884892558,"#cccccc",TRUE,FALSE,526
0.498692772247536,0.519152892082337,1,"#54278F",TRUE,187,1,FALSE,"askreddit",0.387007740031274,0.779500375638361,"#cccccc",TRUE,FALSE,2487
0.498692772247536,0.519152892082337,1,"#54278F",TRUE,187,1,FALSE,"askreddit",0.486591574951088,0.0449304555772977,"#cccccc",TRUE,FALSE,463
0.498692772247536,0.519152892082337,1,"#54278F",TRUE,187,1,FALSE,"askreddit",0.425297862183754,0.506035723975504,"#cccccc",TRUE,FALSE,2219
0.498692772247536,0.519152892082337,1,"#54278F",TRUE,187,1,FALSE,"askreddit",0.435476417158566,0.361656866185015,"#cccccc",TRUE,FALSE,1955
0.498692772247536,0.519152892082337,1,"#54278F",TRUE,187,1,FALSE,"askreddit",0.252661281396204,0.569276409531137,"#cccccc",TRUE,FALSE,4136
0.498692772247536,0.519152892082337,1,"#54278F",TRUE,187,1,FALSE,"askreddit",0.347134741121013,0.353208124376085,"#cccccc",TRUE,FALSE,1171
0.498692772247536,0.519152892082337,1,"#54278F",TRUE,187,1,FALSE,"askreddit",0.850076106980618,0.379818714236604,"#cccccc",TRUE,FALSE,227
0.498692772247536,0.519152892082337,1,"#54278F",TRUE,187,1,FALSE,"askreddit",0.62805700601594,0.429627170305402,"#cccccc",TRUE,FALSE,855
0.498692772247536,0.519152892082337,1,"#54278F",TRUE,187,1,FALSE,"askreddit",0.416340224222369,0.907373736308667,"#cccccc",TRUE,FALSE,1471
0.498692772247536,0.519152892082337,1,"#54278F",TRUE,187,1,FALSE,"askreddit",0.0977330073386915,0.72260927168315,"#cccccc",TRUE,FALSE,272
0.498692772247536,0.519152892082337,1,"#54278F",TRUE,187,1,FALSE,"askreddit",0.319151473559657,0.922674651475776,"#cccccc",TRUE,FALSE,388
0.498692772247536,0.519152892082337,1,"#54278F",TRUE,187,1,FALSE,"askreddit",0.233783282979732,0.811298164759258,"#cccccc",TRUE,FALSE,631
0.498692772247536,0.519152892082337,1,"#54278F",TRUE,187,1,FALSE,"askreddit",0.742734427580035,0.776659521803768,"#54278F",TRUE,FALSE,778
0.498692772247536,0.519152892082337,1,"#54278F",TRUE,187,1,FALSE,"askreddit",0.812470009195643,0.71285503041691,"#54278F",TRUE,FALSE,322
0.498692772247536,0.519152892082337,1,"#54278F",TRUE,187,1,FALSE,"askreddit",0.69831843619223,0.901767214299692,"#54278F",TRUE,FALSE,639
0.498692772247536,0.519152892082337,1,"#54278F",TRUE,187,1,FALSE,"askreddit",0.0763576276183776,0.513830416287468,"#cccccc",TRUE,FALSE,656
0.498692772247536,0.519152892082337,1,"#54278F",TRUE,187,1,FALSE,"askreddit",0.833792711199277,0.83660126937424,"#cccccc",TRUE,FALSE,321
0.498692772247536,0.519152892082337,1,"#54278F",TRUE,187,1,FALSE,"askreddit",0.367422665148171,0.691484633621028,"#cccccc",TRUE,FALSE,6538
0.498692772247536,0.519152892082337,1,"#54278F",TRUE,187,1,FALSE,"askreddit",0.881342184553448,0.433375817820101,"#cccccc",TRUE,FALSE,269
0.498692772247536,0.519152892082337,1,"#54278F",TRUE,187,1,FALSE,"askreddit",0.15904941548377,0.595087440452588,"#cccccc",TRUE,FALSE,635
0.498692772247536,0.519152892082337,1,"#54278F",TRUE,187,1,FALSE,"askreddit",0.351980887809612,0.457414986570839,"#cccccc",TRUE,FALSE,6008
0.498692772247536,0.519152892082337,1,"#54278F",TRUE,187,1,FALSE,"askreddit",0.600679015079217,0.950284644863654,"#cccccc",TRUE,FALSE,700
0.498692772247536,0.519152892082337,1,"#54278F",TRUE,187,1,FALSE,"askreddit",0.634964639102753,0.350005726975734,"#cccccc",TRUE,FALSE,531
0.498692772247536,0.519152892082337,1,"#54278F",TRUE,187,1,FALSE,"askreddit",0,0.512384780800775,"#cccccc",TRUE,FALSE,410
0.498692772247536,0.519152892082337,1,"#54278F",TRUE,187,1,FALSE,"askreddit",0.880612395623971,0.714013271245544,"#54278F",TRUE,FALSE,479
0.498692772247536,0.519152892082337,1,"#54278F",TRUE,187,1,FALSE,"askreddit",0.523960858585229,0.0883350073446739,"#cccccc",TRUE,FALSE,1471
0.498692772247536,0.519152892082337,1,"#54278F",TRUE,187,1,FALSE,"askreddit",0.807873364600712,0.0949603995949542,"#cccccc",TRUE,FALSE,291
0.498692772247536,0.519152892082337,1,"#54278F",TRUE,187,1,FALSE,"askreddit",0.432369587426872,0.770503272120543,"#cccccc",TRUE,FALSE,4076
0.498692772247536,0.519152892082337,1,"#54278F",TRUE,187,1,FALSE,"askreddit",0.810939261168173,0.324162154684911,"#cccccc",TRUE,FALSE,418
0.498692772247536,0.519152892082337,1,"#54278F",TRUE,187,1,FALSE,"askreddit",0.398649199400893,0.335723269000202,"#cccccc",TRUE,FALSE,1689
0.498692772247536,0.519152892082337,1,"#54278F",TRUE,187,1,FALSE,"askreddit",0.47958201875963,0.226574231093973,"#cccccc",TRUE,FALSE,898
0.498692772247536,0.519152892082337,1,"#54278F",TRUE,187,1,FALSE,"askreddit",0.531472097536126,0.719574961747937,"#54278F",TRUE,FALSE,535
0.498692772247536,0.519152892082337,1,"#54278F",TRUE,187,1,FALSE,"askreddit",0.0966104831908668,0.599173592601205,"#cccccc",TRUE,FALSE,406
0.498692772247536,0.519152892082337,1,"#54278F",TRUE,187,1,FALSE,"askreddit",0.834723790496495,0.93076590755339,"#cccccc",TRUE,FALSE,614
0.498692772247536,0.519152892082337,1,"#54278F",TRUE,187,1,FALSE,"askreddit",0.305912260578154,0.447039264942285,"#cccccc",TRUE,FALSE,957
0.498692772247536,0.519152892082337,1,"#54278F",TRUE,187,1,FALSE,"askreddit",0.199381120110494,0.520825940296406,"#cccccc",TRUE,FALSE,1194
0.498692772247536,0.519152892082337,1,"#54278F",TRUE,187,1,FALSE,"askreddit",0.318511207746298,0.618332936865406,"#cccccc",TRUE,FALSE,4070
0.498692772247536,0.519152892082337,1,"#54278F",TRUE,187,1,FALSE,"askreddit",0.218894969857965,0.760100403369634,"#cccccc",TRUE,FALSE,1212
0.498692772247536,0.519152892082337,1,"#54278F",TRUE,187,1,FALSE,"askreddit",0.524103869108901,0.979128914294542,"#54278F",TRUE,FALSE,644
0.498692772247536,0.519152892082337,1,"#54278F",TRUE,187,1,FALSE,"askreddit",0.290516068332036,0.15551468651587,"#cccccc",TRUE,FALSE,320
0.498692772247536,0.519152892082337,1,"#54278F",TRUE,187,1,FALSE,"askreddit",0.241413032405413,0.113126456610395,"#cccccc",TRUE,FALSE,364
0.498692772247536,0.519152892082337,1,"#54278F",TRUE,187,1,FALSE,"askreddit",0.290116731785084,0.576795222777462,"#cccccc",TRUE,FALSE,2313
0.498692772247536,0.519152892082337,1,"#54278F",TRUE,187,1,FALSE,"askreddit",0.174688868878826,0.285022675136551,"#cccccc",TRUE,FALSE,525
0.498692772247536,0.519152892082337,1,"#54278F",TRUE,187,1,FALSE,"askreddit",0.13959302961662,0.86426281164132,"#cccccc",TRUE,FALSE,468
0.498692772247536,0.519152892082337,1,"#54278F",TRUE,187,1,FALSE,"askreddit",0.0340738853754423,0.651100499017496,"#cccccc",TRUE,FALSE,252
0.498692772247536,0.519152892082337,1,"#54278F",TRUE,187,1,FALSE,"askreddit",0.297033544172996,0.489028744763989,"#cccccc",TRUE,FALSE,6054
0.498692772247536,0.519152892082337,1,"#54278F",TRUE,187,1,FALSE,"askreddit",0.676429192712001,0.269249293992709,"#54278F",TRUE,FALSE,585
0.498692772247536,0.519152892082337,1,"#54278F",TRUE,187,1,FALSE,"askreddit",0.200314975686734,0.720105614959132,"#cccccc",TRUE,FALSE,1302
0.498692772247536,0.519152892082337,1,"#54278F",TRUE,187,1,FALSE,"askreddit",0.810465525345539,0.484643923248931,"#cccccc",TRUE,FALSE,391
0.511519518658532,0.275274667187826,0.0390266387754613,"#EF3B2C",FALSE,11,3,FALSE,"hiphopheads",0.607252897385207,0.0730682170179349,"#cccccc",FALSE,FALSE,744
0.511519518658532,0.275274667187826,0.0390266387754613,"#EF3B2C",FALSE,11,3,FALSE,"hiphopheads",0.425297862183754,0.506035723975504,"#cccccc",TRUE,FALSE,239
0.511519518658532,0.275274667187826,0.0390266387754613,"#EF3B2C",FALSE,11,3,FALSE,"hiphopheads",0.435476417158566,0.361656866185015,"#EF3B2C",FALSE,FALSE,1293
0.511519518658532,0.275274667187826,0.0390266387754613,"#EF3B2C",FALSE,11,3,FALSE,"hiphopheads",0.347134741121013,0.353208124376085,"#EF3B2C",FALSE,FALSE,236
0.511519518658532,0.275274667187826,0.0390266387754613,"#EF3B2C",FALSE,11,3,FALSE,"hiphopheads",0.351980887809612,0.457414986570839,"#cccccc",FALSE,FALSE,226
0.511519518658532,0.275274667187826,0.0390266387754613,"#EF3B2C",FALSE,11,3,FALSE,"hiphopheads",0.398649199400893,0.335723269000202,"#EF3B2C",FALSE,FALSE,627
0.511519518658532,0.275274667187826,0.0390266387754613,"#EF3B2C",FALSE,11,3,FALSE,"hiphopheads",0.47958201875963,0.226574231093973,"#EF3B2C",FALSE,FALSE,223
0.531472097536126,0.719574961747937,0.0415179758761283,"#54278F",FALSE,9,1,FALSE,"starwars",0.297033544172996,0.489028744763989,"#cccccc",TRUE,FALSE,236
0.541741341008258,0.628244566213359,0.542460062991358,"#54278F",TRUE,65,1,FALSE,"gaming",0.260569350709273,0.701413418044393,"#cccccc",TRUE,FALSE,1509
0.541741341008258,0.628244566213359,0.542460062991358,"#54278F",TRUE,65,1,FALSE,"gaming",0.279497549919571,0.845459957593327,"#cccccc",TRUE,FALSE,266
0.541741341008258,0.628244566213359,0.542460062991358,"#54278F",TRUE,65,1,FALSE,"gaming",0.364001809778687,0.945676807738498,"#cccccc",TRUE,FALSE,281
0.541741341008258,0.628244566213359,0.542460062991358,"#54278F",TRUE,65,1,FALSE,"gaming",0.574752687809058,0.236265265383451,"#cccccc",TRUE,FALSE,367
0.541741341008258,0.628244566213359,0.542460062991358,"#54278F",TRUE,65,1,FALSE,"gaming",0.653893779584484,0.648735129514211,"#54278F",TRUE,FALSE,397
0.541741341008258,0.628244566213359,0.542460062991358,"#54278F",TRUE,65,1,FALSE,"gaming",0.694434083855209,0.829360776368531,"#cccccc",TRUE,FALSE,339
0.541741341008258,0.628244566213359,0.542460062991358,"#54278F",TRUE,65,1,FALSE,"gaming",0.544272222611936,0.927381973045313,"#cccccc",TRUE,FALSE,352
0.541741341008258,0.628244566213359,0.542460062991358,"#54278F",TRUE,65,1,FALSE,"gaming",0.474669928671794,0.959084884892558,"#cccccc",TRUE,FALSE,260
0.541741341008258,0.628244566213359,0.542460062991358,"#54278F",TRUE,65,1,FALSE,"gaming",0.387007740031274,0.779500375638361,"#cccccc",TRUE,FALSE,1144
0.541741341008258,0.628244566213359,0.542460062991358,"#54278F",TRUE,65,1,FALSE,"gaming",0.425297862183754,0.506035723975504,"#cccccc",TRUE,FALSE,1115
0.541741341008258,0.628244566213359,0.542460062991358,"#54278F",TRUE,65,1,FALSE,"gaming",0.435476417158566,0.361656866185015,"#cccccc",TRUE,FALSE,474
0.541741341008258,0.628244566213359,0.542460062991358,"#54278F",TRUE,65,1,FALSE,"gaming",0.252661281396204,0.569276409531137,"#cccccc",TRUE,FALSE,1280
0.541741341008258,0.628244566213359,0.542460062991358,"#54278F",TRUE,65,1,FALSE,"gaming",0.347134741121013,0.353208124376085,"#cccccc",TRUE,FALSE,260
0.541741341008258,0.628244566213359,0.542460062991358,"#54278F",TRUE,65,1,FALSE,"gaming",0.850076106980618,0.379818714236604,"#cccccc",TRUE,FALSE,209
0.541741341008258,0.628244566213359,0.542460062991358,"#54278F",TRUE,65,1,FALSE,"gaming",0.62805700601594,0.429627170305402,"#cccccc",TRUE,FALSE,817
0.541741341008258,0.628244566213359,0.542460062991358,"#54278F",TRUE,65,1,FALSE,"gaming",0.416340224222369,0.907373736308667,"#cccccc",TRUE,FALSE,285
0.541741341008258,0.628244566213359,0.542460062991358,"#54278F",TRUE,65,1,FALSE,"gaming",0.319151473559657,0.922674651475776,"#cccccc",TRUE,FALSE,205
0.541741341008258,0.628244566213359,0.542460062991358,"#54278F",TRUE,65,1,FALSE,"gaming",0.233783282979732,0.811298164759258,"#cccccc",TRUE,FALSE,229
0.541741341008258,0.628244566213359,0.542460062991358,"#54278F",TRUE,65,1,FALSE,"gaming",0.742734427580035,0.776659521803768,"#54278F",TRUE,FALSE,487
0.541741341008258,0.628244566213359,0.542460062991358,"#54278F",TRUE,65,1,FALSE,"gaming",0.812470009195643,0.71285503041691,"#54278F",TRUE,FALSE,320
0.541741341008258,0.628244566213359,0.542460062991358,"#54278F",TRUE,65,1,FALSE,"gaming",0.69831843619223,0.901767214299692,"#54278F",TRUE,FALSE,702
0.541741341008258,0.628244566213359,0.542460062991358,"#54278F",TRUE,65,1,FALSE,"gaming",0.833792711199277,0.83660126937424,"#cccccc",TRUE,FALSE,208
0.541741341008258,0.628244566213359,0.542460062991358,"#54278F",TRUE,65,1,FALSE,"gaming",0.367422665148171,0.691484633621028,"#cccccc",TRUE,FALSE,2748
0.541741341008258,0.628244566213359,0.542460062991358,"#54278F",TRUE,65,1,FALSE,"gaming",0.881342184553448,0.433375817820101,"#cccccc",TRUE,FALSE,206
0.541741341008258,0.628244566213359,0.542460062991358,"#54278F",TRUE,65,1,FALSE,"gaming",0.15904941548377,0.595087440452588,"#cccccc",TRUE,FALSE,211
0.541741341008258,0.628244566213359,0.542460062991358,"#54278F",TRUE,65,1,FALSE,"gaming",0.351980887809612,0.457414986570839,"#cccccc",TRUE,FALSE,1381
0.541741341008258,0.628244566213359,0.542460062991358,"#54278F",TRUE,65,1,FALSE,"gaming",0.600679015079217,0.950284644863654,"#cccccc",TRUE,FALSE,428
0.541741341008258,0.628244566213359,0.542460062991358,"#54278F",TRUE,65,1,FALSE,"gaming",0.634964639102753,0.350005726975734,"#cccccc",TRUE,FALSE,744
0.541741341008258,0.628244566213359,0.542460062991358,"#54278F",TRUE,65,1,FALSE,"gaming",0.880612395623971,0.714013271245544,"#54278F",TRUE,FALSE,432
0.541741341008258,0.628244566213359,0.542460062991358,"#54278F",TRUE,65,1,FALSE,"gaming",0.432369587426872,0.770503272120543,"#cccccc",TRUE,FALSE,1463
0.541741341008258,0.628244566213359,0.542460062991358,"#54278F",TRUE,65,1,FALSE,"gaming",0.810939261168173,0.324162154684911,"#cccccc",TRUE,FALSE,288
0.541741341008258,0.628244566213359,0.542460062991358,"#54278F",TRUE,65,1,FALSE,"gaming",0.398649199400893,0.335723269000202,"#cccccc",TRUE,FALSE,347
0.541741341008258,0.628244566213359,0.542460062991358,"#54278F",TRUE,65,1,FALSE,"gaming",0.47958201875963,0.226574231093973,"#cccccc",TRUE,FALSE,282
0.541741341008258,0.628244566213359,0.542460062991358,"#54278F",TRUE,65,1,FALSE,"gaming",0.531472097536126,0.719574961747937,"#54278F",TRUE,FALSE,369
0.541741341008258,0.628244566213359,0.542460062991358,"#54278F",TRUE,65,1,FALSE,"gaming",0.305912260578154,0.447039264942285,"#cccccc",TRUE,FALSE,401
0.541741341008258,0.628244566213359,0.542460062991358,"#54278F",TRUE,65,1,FALSE,"gaming",0.199381120110494,0.520825940296406,"#cccccc",TRUE,FALSE,321
0.541741341008258,0.628244566213359,0.542460062991358,"#54278F",TRUE,65,1,FALSE,"gaming",0.318511207746298,0.618332936865406,"#cccccc",TRUE,FALSE,1468
0.541741341008258,0.628244566213359,0.542460062991358,"#54278F",TRUE,65,1,FALSE,"gaming",0.218894969857965,0.760100403369634,"#cccccc",TRUE,FALSE,310
0.541741341008258,0.628244566213359,0.542460062991358,"#54278F",TRUE,65,1,FALSE,"gaming",0.524103869108901,0.979128914294542,"#54278F",TRUE,FALSE,236
0.541741341008258,0.628244566213359,0.542460062991358,"#54278F",TRUE,65,1,FALSE,"gaming",0.290116731785084,0.576795222777462,"#cccccc",TRUE,FALSE,1016
0.541741341008258,0.628244566213359,0.542460062991358,"#54278F",TRUE,65,1,FALSE,"gaming",0.297033544172996,0.489028744763989,"#cccccc",TRUE,FALSE,1966
0.541741341008258,0.628244566213359,0.542460062991358,"#54278F",TRUE,65,1,FALSE,"gaming",0.676429192712001,0.269249293992709,"#54278F",TRUE,FALSE,341
0.541741341008258,0.628244566213359,0.542460062991358,"#54278F",TRUE,65,1,FALSE,"gaming",0.200314975686734,0.720105614959132,"#cccccc",TRUE,FALSE,518
0.541741341008258,0.628244566213359,0.542460062991358,"#54278F",TRUE,65,1,FALSE,"gaming",0.810465525345539,0.484643923248931,"#cccccc",TRUE,FALSE,551
0.544272222611936,0.927381973045313,0.0421947415408967,"#41AB5D",FALSE,6,6,FALSE,"memes",0.367422665148171,0.691484633621028,"#cccccc",TRUE,FALSE,222
0.544272222611936,0.927381973045313,0.0421947415408967,"#41AB5D",FALSE,6,6,FALSE,"memes",0.432369587426872,0.770503272120543,"#cccccc",TRUE,FALSE,243
0.54766611744066,0.514907306068418,0.108284482032592,"#54278F",FALSE,20,1,FALSE,"games",0.541741341008258,0.628244566213359,"#54278F",TRUE,FALSE,868
0.54766611744066,0.514907306068418,0.108284482032592,"#54278F",FALSE,20,1,FALSE,"games",0.511519518658532,0.275274667187826,"#cccccc",FALSE,FALSE,205
0.54766611744066,0.514907306068418,0.108284482032592,"#54278F",FALSE,20,1,FALSE,"games",0.425297862183754,0.506035723975504,"#cccccc",TRUE,FALSE,687
0.54766611744066,0.514907306068418,0.108284482032592,"#54278F",FALSE,20,1,FALSE,"games",0.435476417158566,0.361656866185015,"#cccccc",FALSE,FALSE,304
0.54766611744066,0.514907306068418,0.108284482032592,"#54278F",FALSE,20,1,FALSE,"games",0.252661281396204,0.569276409531137,"#cccccc",TRUE,FALSE,433
0.54766611744066,0.514907306068418,0.108284482032592,"#54278F",FALSE,20,1,FALSE,"games",0.62805700601594,0.429627170305402,"#cccccc",FALSE,FALSE,604
0.54766611744066,0.514907306068418,0.108284482032592,"#54278F",FALSE,20,1,FALSE,"games",0.812470009195643,0.71285503041691,"#54278F",FALSE,FALSE,462
0.54766611744066,0.514907306068418,0.108284482032592,"#54278F",FALSE,20,1,FALSE,"games",0.367422665148171,0.691484633621028,"#cccccc",TRUE,FALSE,237
0.54766611744066,0.514907306068418,0.108284482032592,"#54278F",FALSE,20,1,FALSE,"games",0.351980887809612,0.457414986570839,"#cccccc",FALSE,FALSE,563
0.54766611744066,0.514907306068418,0.108284482032592,"#54278F",FALSE,20,1,FALSE,"games",0.634964639102753,0.350005726975734,"#cccccc",FALSE,FALSE,517
0.54766611744066,0.514907306068418,0.108284482032592,"#54278F",FALSE,20,1,FALSE,"games",0.398649199400893,0.335723269000202,"#cccccc",FALSE,FALSE,371
0.54766611744066,0.514907306068418,0.108284482032592,"#54278F",FALSE,20,1,FALSE,"games",0.305912260578154,0.447039264942285,"#cccccc",TRUE,FALSE,285
0.54766611744066,0.514907306068418,0.108284482032592,"#54278F",FALSE,20,1,FALSE,"games",0.318511207746298,0.618332936865406,"#cccccc",TRUE,FALSE,263
0.54766611744066,0.514907306068418,0.108284482032592,"#54278F",FALSE,20,1,FALSE,"games",0.290116731785084,0.576795222777462,"#cccccc",TRUE,FALSE,370
0.54766611744066,0.514907306068418,0.108284482032592,"#54278F",FALSE,20,1,FALSE,"games",0.297033544172996,0.489028744763989,"#cccccc",TRUE,FALSE,607
0.54766611744066,0.514907306068418,0.108284482032592,"#54278F",FALSE,20,1,FALSE,"games",0.810465525345539,0.484643923248931,"#cccccc",FALSE,FALSE,332
0.574752687809058,0.236265265383451,0.0462550201545244,"#EF3B2C",FALSE,7,3,FALSE,"leagueoflegends",0.732252654243147,0.0669387847014954,"#cccccc",FALSE,FALSE,234
0.574752687809058,0.236265265383451,0.0462550201545244,"#EF3B2C",FALSE,7,3,FALSE,"leagueoflegends",0.435476417158566,0.361656866185015,"#EF3B2C",FALSE,FALSE,328
0.574752687809058,0.236265265383451,0.0462550201545244,"#EF3B2C",FALSE,7,3,FALSE,"leagueoflegends",0.398649199400893,0.335723269000202,"#EF3B2C",FALSE,FALSE,410
0.574752687809058,0.236265265383451,0.0462550201545244,"#EF3B2C",FALSE,7,3,FALSE,"leagueoflegends",0.297033544172996,0.489028744763989,"#cccccc",TRUE,FALSE,270
0.600530163977115,0.868942436564673,0.109429022046436,"#41AB5D",FALSE,12,6,FALSE,"askouija",0.498692772247536,0.519152892082337,"#cccccc",TRUE,FALSE,2514
0.600530163977115,0.868942436564673,0.109429022046436,"#41AB5D",FALSE,12,6,FALSE,"askouija",0.62522008553524,0.822490034198366,"#41AB5D",FALSE,FALSE,426
0.600530163977115,0.868942436564673,0.109429022046436,"#41AB5D",FALSE,12,6,FALSE,"askouija",0.631764233392315,0.58658584466164,"#cccccc",FALSE,FALSE,308
0.600530163977115,0.868942436564673,0.109429022046436,"#41AB5D",FALSE,12,6,FALSE,"askouija",0.394763328319246,0.687327253744538,"#cccccc",TRUE,FALSE,364
0.600530163977115,0.868942436564673,0.109429022046436,"#41AB5D",FALSE,12,6,FALSE,"askouija",0.541741341008258,0.628244566213359,"#cccccc",TRUE,FALSE,375
0.600530163977115,0.868942436564673,0.109429022046436,"#41AB5D",FALSE,12,6,FALSE,"askouija",0.694434083855209,0.829360776368531,"#41AB5D",FALSE,FALSE,524
0.600530163977115,0.868942436564673,0.109429022046436,"#41AB5D",FALSE,12,6,FALSE,"askouija",0.744878094139171,1,"#41AB5D",FALSE,FALSE,341
0.600530163977115,0.868942436564673,0.109429022046436,"#41AB5D",FALSE,12,6,FALSE,"askouija",0.387007740031274,0.779500375638361,"#cccccc",TRUE,FALSE,250
0.600530163977115,0.868942436564673,0.109429022046436,"#41AB5D",FALSE,12,6,FALSE,"askouija",0.367422665148171,0.691484633621028,"#cccccc",TRUE,FALSE,245
0.600530163977115,0.868942436564673,0.109429022046436,"#41AB5D",FALSE,12,6,FALSE,"askouija",0.600679015079217,0.950284644863654,"#41AB5D",FALSE,FALSE,207
0.600530163977115,0.868942436564673,0.109429022046436,"#41AB5D",FALSE,12,6,FALSE,"askouija",0.432369587426872,0.770503272120543,"#cccccc",TRUE,FALSE,427
0.600530163977115,0.868942436564673,0.109429022046436,"#41AB5D",FALSE,12,6,FALSE,"askouija",0.834723790496495,0.93076590755339,"#41AB5D",FALSE,FALSE,221
0.600679015079217,0.950284644863654,0.040864861814242,"#41AB5D",FALSE,7,6,FALSE,"prequelmemes",0.432369587426872,0.770503272120543,"#cccccc",TRUE,FALSE,217
0.600679015079217,0.950284644863654,0.040864861814242,"#41AB5D",FALSE,7,6,FALSE,"prequelmemes",0.531472097536126,0.719574961747937,"#cccccc",FALSE,FALSE,302
0.607252897385207,0.0730682170179349,0.00857598892058986,"#3F007D",FALSE,3,16,FALSE,"kanye",0.435476417158566,0.361656866185015,"#cccccc",FALSE,FALSE,212
0.62522008553524,0.822490034198366,0.0715210251881549,"#41AB5D",FALSE,18,6,FALSE,"dankmemes",0.631764233392315,0.58658584466164,"#cccccc",FALSE,FALSE,340
0.62522008553524,0.822490034198366,0.0715210251881549,"#41AB5D",FALSE,18,6,FALSE,"dankmemes",0.394763328319246,0.687327253744538,"#cccccc",TRUE,FALSE,442
0.62522008553524,0.822490034198366,0.0715210251881549,"#41AB5D",FALSE,18,6,FALSE,"dankmemes",0.541741341008258,0.628244566213359,"#cccccc",TRUE,FALSE,587
0.62522008553524,0.822490034198366,0.0715210251881549,"#41AB5D",FALSE,18,6,FALSE,"dankmemes",0.694434083855209,0.829360776368531,"#41AB5D",FALSE,FALSE,481
0.62522008553524,0.822490034198366,0.0715210251881549,"#41AB5D",FALSE,18,6,FALSE,"dankmemes",0.744878094139171,1,"#41AB5D",FALSE,FALSE,369
0.62522008553524,0.822490034198366,0.0715210251881549,"#41AB5D",FALSE,18,6,FALSE,"dankmemes",0.544272222611936,0.927381973045313,"#41AB5D",FALSE,FALSE,522
0.62522008553524,0.822490034198366,0.0715210251881549,"#41AB5D",FALSE,18,6,FALSE,"dankmemes",0.387007740031274,0.779500375638361,"#cccccc",TRUE,FALSE,213
0.62522008553524,0.822490034198366,0.0715210251881549,"#41AB5D",FALSE,18,6,FALSE,"dankmemes",0.833792711199277,0.83660126937424,"#41AB5D",FALSE,FALSE,444
0.62522008553524,0.822490034198366,0.0715210251881549,"#41AB5D",FALSE,18,6,FALSE,"dankmemes",0.367422665148171,0.691484633621028,"#cccccc",TRUE,FALSE,257
0.62522008553524,0.822490034198366,0.0715210251881549,"#41AB5D",FALSE,18,6,FALSE,"dankmemes",0.600679015079217,0.950284644863654,"#41AB5D",FALSE,FALSE,422
0.62522008553524,0.822490034198366,0.0715210251881549,"#41AB5D",FALSE,18,6,FALSE,"dankmemes",0.432369587426872,0.770503272120543,"#cccccc",TRUE,FALSE,299
0.62805700601594,0.429627170305402,0.0632957207634779,"#6A51A3",FALSE,15,4,FALSE,"nintendoswitch",0.881342184553448,0.433375817820101,"#6A51A3",FALSE,FALSE,252
0.62805700601594,0.429627170305402,0.0632957207634779,"#6A51A3",FALSE,15,4,FALSE,"nintendoswitch",0.351980887809612,0.457414986570839,"#cccccc",FALSE,FALSE,320
0.62805700601594,0.429627170305402,0.0632957207634779,"#6A51A3",FALSE,15,4,FALSE,"nintendoswitch",0.634964639102753,0.350005726975734,"#6A51A3",FALSE,FALSE,514
0.62805700601594,0.429627170305402,0.0632957207634779,"#6A51A3",FALSE,15,4,FALSE,"nintendoswitch",0.810939261168173,0.324162154684911,"#cccccc",FALSE,FALSE,579
0.62805700601594,0.429627170305402,0.0632957207634779,"#6A51A3",FALSE,15,4,FALSE,"nintendoswitch",0.297033544172996,0.489028744763989,"#cccccc",TRUE,FALSE,234
0.62805700601594,0.429627170305402,0.0632957207634779,"#6A51A3",FALSE,15,4,FALSE,"nintendoswitch",0.810465525345539,0.484643923248931,"#6A51A3",FALSE,FALSE,359
0.631764233392315,0.58658584466164,0.0843875826500708,"#54278F",FALSE,18,1,FALSE,"fortnitebr",0.394763328319246,0.687327253744538,"#cccccc",TRUE,FALSE,337
0.631764233392315,0.58658584466164,0.0843875826500708,"#54278F",FALSE,18,1,FALSE,"fortnitebr",0.541741341008258,0.628244566213359,"#54278F",TRUE,FALSE,738
0.631764233392315,0.58658584466164,0.0843875826500708,"#54278F",FALSE,18,1,FALSE,"fortnitebr",0.511519518658532,0.275274667187826,"#cccccc",FALSE,FALSE,267
0.631764233392315,0.58658584466164,0.0843875826500708,"#54278F",FALSE,18,1,FALSE,"fortnitebr",0.694434083855209,0.829360776368531,"#cccccc",FALSE,FALSE,265
0.631764233392315,0.58658584466164,0.0843875826500708,"#54278F",FALSE,18,1,FALSE,"fortnitebr",0.435476417158566,0.361656866185015,"#cccccc",FALSE,FALSE,525
0.631764233392315,0.58658584466164,0.0843875826500708,"#54278F",FALSE,18,1,FALSE,"fortnitebr",0.62805700601594,0.429627170305402,"#cccccc",FALSE,FALSE,295
0.631764233392315,0.58658584466164,0.0843875826500708,"#54278F",FALSE,18,1,FALSE,"fortnitebr",0.742734427580035,0.776659521803768,"#54278F",FALSE,FALSE,209
0.631764233392315,0.58658584466164,0.0843875826500708,"#54278F",FALSE,18,1,FALSE,"fortnitebr",0.367422665148171,0.691484633621028,"#cccccc",TRUE,FALSE,235
0.631764233392315,0.58658584466164,0.0843875826500708,"#54278F",FALSE,18,1,FALSE,"fortnitebr",0.634964639102753,0.350005726975734,"#cccccc",FALSE,FALSE,221
0.631764233392315,0.58658584466164,0.0843875826500708,"#54278F",FALSE,18,1,FALSE,"fortnitebr",0.880612395623971,0.714013271245544,"#54278F",FALSE,FALSE,250
0.631764233392315,0.58658584466164,0.0843875826500708,"#54278F",FALSE,18,1,FALSE,"fortnitebr",0.432369587426872,0.770503272120543,"#cccccc",TRUE,FALSE,206
0.631764233392315,0.58658584466164,0.0843875826500708,"#54278F",FALSE,18,1,FALSE,"fortnitebr",0.398649199400893,0.335723269000202,"#cccccc",FALSE,FALSE,354
0.631764233392315,0.58658584466164,0.0843875826500708,"#54278F",FALSE,18,1,FALSE,"fortnitebr",0.810465525345539,0.484643923248931,"#cccccc",FALSE,FALSE,212
0.634964639102753,0.350005726975734,0.0416219552803951,"#6A51A3",FALSE,10,4,FALSE,"ps4",0.398649199400893,0.335723269000202,"#cccccc",FALSE,FALSE,224
0.634964639102753,0.350005726975734,0.0416219552803951,"#6A51A3",FALSE,10,4,FALSE,"ps4",0.810465525345539,0.484643923248931,"#6A51A3",FALSE,FALSE,508
0.653893779584484,0.648735129514211,0.04626693788605,"#54278F",FALSE,6,1,FALSE,"marvelstudios",0.425297862183754,0.506035723975504,"#cccccc",TRUE,FALSE,625
0.653893779584484,0.648735129514211,0.04626693788605,"#54278F",FALSE,6,1,FALSE,"marvelstudios",0.351980887809612,0.457414986570839,"#cccccc",FALSE,FALSE,235
0.653893779584484,0.648735129514211,0.04626693788605,"#54278F",FALSE,6,1,FALSE,"marvelstudios",0.531472097536126,0.719574961747937,"#54278F",FALSE,FALSE,283
0.661574141695332,0.495688061919549,0.0583594621242026,"#006D2C",FALSE,9,5,FALSE,"fallout",0.911415214467006,0.492762935415204,"#cccccc",FALSE,FALSE,1248
0.661574141695332,0.495688061919549,0.0583594621242026,"#006D2C",FALSE,9,5,FALSE,"fallout",0.394763328319246,0.687327253744538,"#cccccc",TRUE,FALSE,227
0.661574141695332,0.495688061919549,0.0583594621242026,"#006D2C",FALSE,9,5,FALSE,"fallout",0.54766611744066,0.514907306068418,"#cccccc",FALSE,FALSE,239
0.661574141695332,0.495688061919549,0.0583594621242026,"#006D2C",FALSE,9,5,FALSE,"fallout",0.541741341008258,0.628244566213359,"#cccccc",TRUE,FALSE,894
0.661574141695332,0.495688061919549,0.0583594621242026,"#006D2C",FALSE,9,5,FALSE,"fallout",0.351980887809612,0.457414986570839,"#cccccc",FALSE,FALSE,240
0.661574141695332,0.495688061919549,0.0583594621242026,"#006D2C",FALSE,9,5,FALSE,"fallout",0.297033544172996,0.489028744763989,"#cccccc",TRUE,FALSE,241
0.661771730012022,0,0.0311424222910395,"#08519C",FALSE,3,8,FALSE,"askwomen",0.523960858585229,0.0883350073446739,"#08519C",FALSE,FALSE,247
0.694434083855209,0.829360776368531,0.0560699258297796,"#41AB5D",FALSE,8,6,FALSE,"me_irl",0.432369587426872,0.770503272120543,"#cccccc",TRUE,FALSE,264
0.694434083855209,0.829360776368531,0.0560699258297796,"#41AB5D",FALSE,8,6,FALSE,"me_irl",0.834723790496495,0.93076590755339,"#41AB5D",FALSE,FALSE,209
0.812470009195643,0.71285503041691,0.017630051625439,"#54278F",FALSE,4,1,FALSE,"pcgaming",0.69831843619223,0.901767214299692,"#54278F",FALSE,FALSE,261
0.846134081460729,0.615848243252271,0.0206614706931052,"#00441B",FALSE,5,7,FALSE,"anime",0.923262191109018,0.801173189014729,"#00441B",FALSE,FALSE,417
0.846134081460729,0.615848243252271,0.0206614706931052,"#00441B",FALSE,5,7,FALSE,"anime",0.498692772247536,0.519152892082337,"#cccccc",TRUE,FALSE,485
0.846134081460729,0.615848243252271,0.0206614706931052,"#00441B",FALSE,5,7,FALSE,"anime",0.54766611744066,0.514907306068418,"#cccccc",FALSE,FALSE,207
0.846134081460729,0.615848243252271,0.0206614706931052,"#00441B",FALSE,5,7,FALSE,"anime",0.541741341008258,0.628244566213359,"#cccccc",TRUE,FALSE,255
0.850076106980618,0.379818714236604,0.0122352833848127,"#67000D",FALSE,4,11,FALSE,"nintendo",0.62805700601594,0.429627170305402,"#cccccc",FALSE,FALSE,625
0.850076106980618,0.379818714236604,0.0122352833848127,"#67000D",FALSE,4,11,FALSE,"nintendo",0.810939261168173,0.324162154684911,"#67000D",FALSE,FALSE,292
0.905513255024194,0.543474670829044,0.019736484719502,"#006D2C",FALSE,5,5,FALSE,"battlefield",0.661574141695332,0.495688061919549,"#006D2C",FALSE,FALSE,202
0.905513255024194,0.543474670829044,0.019736484719502,"#006D2C",FALSE,5,5,FALSE,"battlefield",0.541741341008258,0.628244566213359,"#cccccc",TRUE,FALSE,430
0.911415214467006,0.492762935415204,0.020792834959971,"#EF3B2C",FALSE,3,14,FALSE,"fo76",0.541741341008258,0.628244566213359,"#cccccc",TRUE,FALSE,377
0.923262191109018,0.801173189014729,0.0130876822497959,"#00441B",FALSE,4,7,FALSE,"animemes",0.498692772247536,0.519152892082337,"#cccccc",TRUE,FALSE,389
0.923262191109018,0.801173189014729,0.0130876822497959,"#00441B",FALSE,4,7,FALSE,"animemes",0.62522008553524,0.822490034198366,"#cccccc",FALSE,FALSE,208
0.928649283433782,0.65561900113452,0.0237393513803607,"#6A51A3",FALSE,5,4,FALSE,"destinythegame",0.541741341008258,0.628244566213359,"#cccccc",TRUE,FALSE,404
0.928649283433782,0.65561900113452,0.0237393513803607,"#6A51A3",FALSE,5,4,FALSE,"destinythegame",0.810465525345539,0.484643923248931,"#6A51A3",FALSE,FALSE,201
0.944889066297636,0.594760203887921,0.0135368202842357,"#54278F",FALSE,3,1,FALSE,"darksouls",0.541741341008258,0.628244566213359,"#54278F",TRUE,FALSE,239
